recipient,recipientLabel,recipientType,prize,prizeLabel,awardDate,awardYear,countryLabel
http://www.wikidata.org/entity/Q629583,Шелдон Купер,organization,http://www.wikidata.org/entity/Q38104,Нобелевская премия по физике,,,США
http://www.wikidata.org/entity/Q56509417,Q56509417,organization,http://www.wikidata.org/entity/Q80061,Нобелевская премия по физиологии и медицине,,,Королевство Нидерландов
http://www.wikidata.org/entity/Q42247,Сюлли-Прюдом,person,http://www.wikidata.org/entity/Q37922,Нобелевская премия по литературе,1901-01-01T00:00:00Z,1901,Франция
http://www.wikidata.org/entity/Q35149,Вильгельм Рентген,person,http://www.wikidata.org/entity/Q38104,Нобелевская премия по физике,1901-01-01T00:00:00Z,1901,Королевство Пруссия
http://www.wikidata.org/entity/Q35149,Вильгельм Рентген,person,http://www.wikidata.org/entity/Q38104,Нобелевская премия по физике,1901-01-01T00:00:00Z,1901,Веймарская республика
http://www.wikidata.org/entity/Q35149,Вильгельм Рентген,person,http://www.wikidata.org/entity/Q38104,Нобелевская премия по физике,1901-01-01T00:00:00Z,1901,Германская империя
http://www.wikidata.org/entity/Q76425,Эмиль Адольф фон Беринг,person,http://www.wikidata.org/entity/Q80061,Нобелевская премия по физиологии и медицине,1901-01-01T00:00:00Z,1901,Королевство Пруссия
http://www.wikidata.org/entity/Q76425,Эмиль Адольф фон Беринг,person,http://www.wikidata.org/entity/Q80061,Нобелевская премия по физиологии и медицине,1901-01-01T00:00:00Z,1901,Германский рейх
http://www.wikidata.org/entity/Q102822,Якоб Вант-Гофф,person,http://www.wikidata.org/entity/Q44585,Нобелевская премия по химии,1901-01-01T00:00:00Z,1901,Королевство Нидерландов
http://www.wikidata.org/entity/Q25351,Теодор Моммзен,person,http://www.wikidata.org/entity/Q37922,Нобелевская премия по литературе,1902-01-01T00:00:00Z,1902,Шлезвиг
http://www.wikidata.org/entity/Q25351,Теодор Моммзен,person,http://www.wikidata.org/entity/Q37922,Нобелевская премия по литературе,1902-01-01T00:00:00Z,1902,Королевство Пруссия
http://www.wikidata.org/entity/Q25351,Теодор Моммзен,person,http://www.wikidata.org/entity/Q37922,Нобелевская премия по литературе,1902-01-01T00:00:00Z,1902,Германский рейх
http://www.wikidata.org/entity/Q79000,Питер Зееман,person,http://www.wikidata.org/entity/Q38104,Нобелевская премия по физике,1902-01-01T00:00:00Z,1902,Королевство Нидерландов
http://www.wikidata.org/entity/Q41688,Хендрик Антон Лоренц,person,http://www.wikidata.org/entity/Q38104,Нобелевская премия по физике,1902-01-01T00:00:00Z,1902,Королевство Нидерландов
http://www.wikidata.org/entity/Q102034,Рональд Росс,person,http://www.wikidata.org/entity/Q80061,Нобелевская премия по физиологии и медицине,1902-01-01T00:00:00Z,1902,Великобритания
http://www.wikidata.org/entity/Q70554,Герман Эмиль Фишер,person,http://www.wikidata.org/entity/Q44585,Нобелевская премия по химии,1902-01-01T00:00:00Z,1902,Германия
http://www.wikidata.org/entity/Q70554,Герман Эмиль Фишер,person,http://www.wikidata.org/entity/Q44585,Нобелевская премия по химии,1902-01-01T00:00:00Z,1902,Германская империя
http://www.wikidata.org/entity/Q46405,Бьёрнстьерне Бьёрнсон,person,http://www.wikidata.org/entity/Q37922,Нобелевская премия по литературе,1903-01-01T00:00:00Z,1903,Норвегия
http://www.wikidata.org/entity/Q41269,Антуан Анри Беккерель,person,http://www.wikidata.org/entity/Q38104,Нобелевская премия по физике,1903-01-01T00:00:00Z,1903,Франция
http://www.wikidata.org/entity/Q7186,Мария Склодовская-Кюри,person,http://www.wikidata.org/entity/Q38104,Нобелевская премия по физике,1903-01-01T00:00:00Z,1903,Франция
http://www.wikidata.org/entity/Q7186,Мария Склодовская-Кюри,person,http://www.wikidata.org/entity/Q38104,Нобелевская премия по физике,1903-01-01T00:00:00Z,1903,Российская империя
http://www.wikidata.org/entity/Q7186,Мария Склодовская-Кюри,person,http://www.wikidata.org/entity/Q38104,Нобелевская премия по физике,1903-01-01T00:00:00Z,1903,Польская Республика
http://www.wikidata.org/entity/Q37463,Пьер Кюри,person,http://www.wikidata.org/entity/Q38104,Нобелевская премия по физике,1903-01-01T00:00:00Z,1903,Франция
http://www.wikidata.org/entity/Q182964,Нильс Рюберг Финзен,person,http://www.wikidata.org/entity/Q80061,Нобелевская премия по физиологии и медицине,1903-01-01T00:00:00Z,1903,Датское королевство
http://www.wikidata.org/entity/Q80956,Сванте Август Аррениус,person,http://www.wikidata.org/entity/Q44585,Нобелевская премия по химии,1903-01-01T00:00:00Z,1903,Швеция
http://www.wikidata.org/entity/Q42596,Фредерик Мистраль,person,http://www.wikidata.org/entity/Q37922,Нобелевская премия по литературе,1904-01-01T00:00:00Z,1904,Франция
http://www.wikidata.org/entity/Q127349,Хосе Эчегерай-и-Эйсагирре,person,http://www.wikidata.org/entity/Q37922,Нобелевская премия по литературе,1904-01-01T00:00:00Z,1904,Испания
http://www.wikidata.org/entity/Q83297,Джон Уильям Стретт Рэлей,person,http://www.wikidata.org/entity/Q38104,Нобелевская премия по физике,1904-01-01T00:00:00Z,1904,Соединённое королевство Великобритании и Ирландии
http://www.wikidata.org/entity/Q42985,Иван Петрович Павлов,person,http://www.wikidata.org/entity/Q80061,Нобелевская премия по физиологии и медицине,1904-01-01T00:00:00Z,1904,СССР
http://www.wikidata.org/entity/Q950726,Уильям Рамзай,person,http://www.wikidata.org/entity/Q44585,Нобелевская премия по химии,1904-01-01T00:00:00Z,1904,Соединённое королевство Великобритании и Ирландии
http://www.wikidata.org/entity/Q41502,Генрик Сенкевич,person,http://www.wikidata.org/entity/Q37922,Нобелевская премия по литературе,1905-01-01T00:00:00Z,1905,Польша
http://www.wikidata.org/entity/Q57063,Филипп Эдуард Антон фон Ленард,person,http://www.wikidata.org/entity/Q38104,Нобелевская премия по физике,1905-01-01T00:00:00Z,1905,Венгрия
http://www.wikidata.org/entity/Q57063,Филипп Эдуард Антон фон Ленард,person,http://www.wikidata.org/entity/Q38104,Нобелевская премия по физике,1905-01-01T00:00:00Z,1905,Германия
http://www.wikidata.org/entity/Q37193,Роберт Кох,person,http://www.wikidata.org/entity/Q80061,Нобелевская премия по физиологии и медицине,1905-01-01T00:00:00Z,1905,Германская империя
http://www.wikidata.org/entity/Q37193,Роберт Кох,person,http://www.wikidata.org/entity/Q80061,Нобелевская премия по физиологии и медицине,1905-01-01T00:00:00Z,1905,Королевство Ганновер
http://www.wikidata.org/entity/Q57078,Адольф Байер,person,http://www.wikidata.org/entity/Q44585,Нобелевская премия по химии,1905-01-01T00:00:00Z,1905,Германская империя
http://www.wikidata.org/entity/Q43440,Джозуэ Кардуччи,person,http://www.wikidata.org/entity/Q37922,Нобелевская премия по литературе,1906-01-01T00:00:00Z,1906,Королевство Италия
http://www.wikidata.org/entity/Q47285,Джозеф Джон Томсон,person,http://www.wikidata.org/entity/Q38104,Нобелевская премия по физике,1906-01-01T00:00:00Z,1906,Великобритания
http://www.wikidata.org/entity/Q150630,Камилло Гольджи,person,http://www.wikidata.org/entity/Q80061,Нобелевская премия по физиологии и медицине,1906-01-01T00:00:00Z,1906,Австрийская империя
http://www.wikidata.org/entity/Q150630,Камилло Гольджи,person,http://www.wikidata.org/entity/Q80061,Нобелевская премия по физиологии и медицине,1906-01-01T00:00:00Z,1906,Королевство Италия
http://www.wikidata.org/entity/Q150630,Камилло Гольджи,person,http://www.wikidata.org/entity/Q80061,Нобелевская премия по физиологии и медицине,1906-01-01T00:00:00Z,1906,Сардинское королевство
http://www.wikidata.org/entity/Q150526,Сантьяго Рамон-и-Кахаль,person,http://www.wikidata.org/entity/Q80061,Нобелевская премия по физиологии и медицине,1906-01-01T00:00:00Z,1906,Испания
http://www.wikidata.org/entity/Q102804,Анри Муассан,person,http://www.wikidata.org/entity/Q44585,Нобелевская премия по химии,1906-01-01T00:00:00Z,1906,Франция
http://www.wikidata.org/entity/Q34743,Редьярд Киплинг,person,http://www.wikidata.org/entity/Q37922,Нобелевская премия по литературе,1907-01-01T00:00:00Z,1907,Великобритания
http://www.wikidata.org/entity/Q34743,Редьярд Киплинг,person,http://www.wikidata.org/entity/Q37922,Нобелевская премия по литературе,1907-01-01T00:00:00Z,1907,Соединённое королевство Великобритании и Ирландии
http://www.wikidata.org/entity/Q127234,Альберт Майкельсон,person,http://www.wikidata.org/entity/Q38104,Нобелевская премия по физике,1907-01-01T00:00:00Z,1907,США
http://www.wikidata.org/entity/Q189006,Шарль Луи Альфонс Лаверан,person,http://www.wikidata.org/entity/Q80061,Нобелевская премия по физиологии и медицине,1907-01-01T00:00:00Z,1907,Франция
http://www.wikidata.org/entity/Q43917,Эдуард Бухнер,person,http://www.wikidata.org/entity/Q44585,Нобелевская премия по химии,1907-01-01T00:00:00Z,1907,Германская империя
http://www.wikidata.org/entity/Q47695,Рудольф Кристоф Эйкен,person,http://www.wikidata.org/entity/Q37922,Нобелевская премия по литературе,1908-01-01T00:00:00Z,1908,Королевство Пруссия
http://www.wikidata.org/entity/Q47695,Рудольф Кристоф Эйкен,person,http://www.wikidata.org/entity/Q37922,Нобелевская премия по литературе,1908-01-01T00:00:00Z,1908,Веймарская республика
http://www.wikidata.org/entity/Q47695,Рудольф Кристоф Эйкен,person,http://www.wikidata.org/entity/Q37922,Нобелевская премия по литературе,1908-01-01T00:00:00Z,1908,Германская империя
http://www.wikidata.org/entity/Q133232,Габриель Липман,person,http://www.wikidata.org/entity/Q38104,Нобелевская премия по физике,1908-01-01T00:00:00Z,1908,Люксембург
http://www.wikidata.org/entity/Q133232,Габриель Липман,person,http://www.wikidata.org/entity/Q38104,Нобелевская премия по физике,1908-01-01T00:00:00Z,1908,Франция
http://www.wikidata.org/entity/Q172254,Илья Ильич Мечников,person,http://www.wikidata.org/entity/Q80061,Нобелевская премия по физиологии и медицине,1908-01-01T00:00:00Z,1908,Франция
http://www.wikidata.org/entity/Q172254,Илья Ильич Мечников,person,http://www.wikidata.org/entity/Q80061,Нобелевская премия по физиологии и медицине,1908-01-01T00:00:00Z,1908,Российская империя
http://www.wikidata.org/entity/Q57089,Пауль Эрлих,person,http://www.wikidata.org/entity/Q80061,Нобелевская премия по физиологии и медицине,1908-01-01T00:00:00Z,1908,Королевство Пруссия
http://www.wikidata.org/entity/Q57089,Пауль Эрлих,person,http://www.wikidata.org/entity/Q80061,Нобелевская премия по физиологии и медицине,1908-01-01T00:00:00Z,1908,Германская империя
http://www.wikidata.org/entity/Q9123,Эрнест Резерфорд,person,http://www.wikidata.org/entity/Q44585,Нобелевская премия по химии,1908-01-01T00:00:00Z,1908,Новая Зеландия
http://www.wikidata.org/entity/Q44519,Сельма Лагерлёф,person,http://www.wikidata.org/entity/Q37922,Нобелевская премия по литературе,1909-01-01T00:00:00Z,1909,Швеция
http://www.wikidata.org/entity/Q36488,Гульельмо Маркони,person,http://www.wikidata.org/entity/Q38104,Нобелевская премия по физике,1909-01-01T00:00:00Z,1909,Королевство Италия
http://www.wikidata.org/entity/Q57077,Карл Фердинанд Браун,person,http://www.wikidata.org/entity/Q38104,Нобелевская премия по физике,1909-01-01T00:00:00Z,1909,Королевство Пруссия
http://www.wikidata.org/entity/Q57077,Карл Фердинанд Браун,person,http://www.wikidata.org/entity/Q38104,Нобелевская премия по физике,1909-01-01T00:00:00Z,1909,Курфюршество Гессен
http://www.wikidata.org/entity/Q115478,Эмиль Теодор Кохер,person,http://www.wikidata.org/entity/Q80061,Нобелевская премия по физиологии и медицине,1909-01-01T00:00:00Z,1909,Швейцария
http://www.wikidata.org/entity/Q12658,Вильгельм Фридрих Оствальд,person,http://www.wikidata.org/entity/Q44585,Нобелевская премия по химии,1909-01-01T00:00:00Z,1909,Германия
http://www.wikidata.org/entity/Q12658,Вильгельм Фридрих Оствальд,person,http://www.wikidata.org/entity/Q44585,Нобелевская премия по химии,1909-01-01T00:00:00Z,1909,Российская империя
http://www.wikidata.org/entity/Q76487,Пауль Хейзе,person,http://www.wikidata.org/entity/Q37922,Нобелевская премия по литературе,1910-01-01T00:00:00Z,1910,Королевство Пруссия
http://www.wikidata.org/entity/Q131721,Ян Дидерик Ван-дер-Ваальс,person,http://www.wikidata.org/entity/Q38104,Нобелевская премия по физике,1910-01-01T00:00:00Z,1910,Королевство Нидерландов
http://www.wikidata.org/entity/Q57128,Альбрехт Коссель,person,http://www.wikidata.org/entity/Q80061,Нобелевская премия по физиологии и медицине,1910-01-01T00:00:00Z,1910,Германия
http://www.wikidata.org/entity/Q57127,Отто Валлах,person,http://www.wikidata.org/entity/Q44585,Нобелевская премия по химии,1910-01-01T00:00:00Z,1910,Германская империя
http://www.wikidata.org/entity/Q49747,Морис Метерлинк,person,http://www.wikidata.org/entity/Q37922,Нобелевская премия по литературе,1911-01-01T00:00:00Z,1911,Бельгия
http://www.wikidata.org/entity/Q57068,Вильгельм Вин,person,http://www.wikidata.org/entity/Q38104,Нобелевская премия по физике,1911-01-01T00:00:00Z,1911,Германия
http://www.wikidata.org/entity/Q192651,Альвар Гульстранд,person,http://www.wikidata.org/entity/Q80061,Нобелевская премия по физиологии и медицине,1911-01-01T00:00:00Z,1911,Швеция
http://www.wikidata.org/entity/Q7186,Мария Склодовская-Кюри,person,http://www.wikidata.org/entity/Q44585,Нобелевская премия по химии,1911-01-01T00:00:00Z,1911,Франция
http://www.wikidata.org/entity/Q7186,Мария Склодовская-Кюри,person,http://www.wikidata.org/entity/Q44585,Нобелевская премия по химии,1911-01-01T00:00:00Z,1911,Российская империя
http://www.wikidata.org/entity/Q7186,Мария Склодовская-Кюри,person,http://www.wikidata.org/entity/Q44585,Нобелевская премия по химии,1911-01-01T00:00:00Z,1911,Польская Республика
http://www.wikidata.org/entity/Q43523,Герхарт Гауптман,person,http://www.wikidata.org/entity/Q37922,Нобелевская премия по литературе,1912-01-01T00:00:00Z,1912,Королевство Пруссия
http://www.wikidata.org/entity/Q43523,Герхарт Гауптман,person,http://www.wikidata.org/entity/Q37922,Нобелевская премия по литературе,1912-01-01T00:00:00Z,1912,Веймарская республика
http://www.wikidata.org/entity/Q160518,Нильс Густав Дален,person,http://www.wikidata.org/entity/Q38104,Нобелевская премия по физике,1912-01-01T00:00:00Z,1912,Швеция
http://www.wikidata.org/entity/Q185777,Алексис Каррель,person,http://www.wikidata.org/entity/Q80061,Нобелевская премия по физиологии и медицине,1912-01-01T00:00:00Z,1912,Франция
http://www.wikidata.org/entity/Q104582,Виктор Гриньяр,person,http://www.wikidata.org/entity/Q44585,Нобелевская премия по химии,1912-01-01T00:00:00Z,1912,Франция
http://www.wikidata.org/entity/Q104575,Поль Сабатье,person,http://www.wikidata.org/entity/Q44585,Нобелевская премия по химии,1912-12-10T00:00:00Z,1912,Франция
http://www.wikidata.org/entity/Q7241,Рабиндранат Тагор,person,http://www.wikidata.org/entity/Q37922,Нобелевская премия по литературе,1913-11-13T00:00:00Z,1913,Британская Индия
http://www.wikidata.org/entity/Q62891,Хейке Камерлинг-Оннес,person,http://www.wikidata.org/entity/Q38104,Нобелевская премия по физике,1913-01-01T00:00:00Z,1913,Королевство Нидерландов
http://www.wikidata.org/entity/Q214851,Шарль Рише,person,http://www.wikidata.org/entity/Q80061,Нобелевская премия по физиологии и медицине,1913-01-01T00:00:00Z,1913,Франция
http://www.wikidata.org/entity/Q123014,Альфред Вернер,person,http://www.wikidata.org/entity/Q44585,Нобелевская премия по химии,1913-01-01T00:00:00Z,1913,Швейцария
http://www.wikidata.org/entity/Q123014,Альфред Вернер,person,http://www.wikidata.org/entity/Q44585,Нобелевская премия по химии,1913-01-01T00:00:00Z,1913,Франция
http://www.wikidata.org/entity/Q57067,Макс фон Лауэ,person,http://www.wikidata.org/entity/Q38104,Нобелевская премия по физике,1914-01-01T00:00:00Z,1914,Германия
http://www.wikidata.org/entity/Q78478,Роберт Барани,person,http://www.wikidata.org/entity/Q80061,Нобелевская премия по физиологии и медицине,1914-01-01T00:00:00Z,1914,Швеция
http://www.wikidata.org/entity/Q78478,Роберт Барани,person,http://www.wikidata.org/entity/Q80061,Нобелевская премия по физиологии и медицине,1914-01-01T00:00:00Z,1914,Австрия
http://www.wikidata.org/entity/Q78478,Роберт Барани,person,http://www.wikidata.org/entity/Q80061,Нобелевская премия по физиологии и медицине,1914-01-01T00:00:00Z,1914,Цислейтания
http://www.wikidata.org/entity/Q189465,Теодор Уильям Ричардс,person,http://www.wikidata.org/entity/Q44585,Нобелевская премия по химии,1914-01-01T00:00:00Z,1914,США
http://www.wikidata.org/entity/Q47162,Ромен Роллан,person,http://www.wikidata.org/entity/Q37922,Нобелевская премия по литературе,1915-01-01T00:00:00Z,1915,Франция
http://www.wikidata.org/entity/Q133747,Уильям Генри Брэгг,person,http://www.wikidata.org/entity/Q38104,Нобелевская премия по физике,1915-01-01T00:00:00Z,1915,Великобритания
http://www.wikidata.org/entity/Q131729,Уильям Лоренс Брэгг,person,http://www.wikidata.org/entity/Q38104,Нобелевская премия по физике,1915-01-01T00:00:00Z,1915,Великобритания
http://www.wikidata.org/entity/Q131729,Уильям Лоренс Брэгг,person,http://www.wikidata.org/entity/Q38104,Нобелевская премия по физике,1915-01-01T00:00:00Z,1915,Австралия
http://www.wikidata.org/entity/Q77072,Рихард Вильштеттер,person,http://www.wikidata.org/entity/Q44585,Нобелевская премия по химии,1915-01-01T00:00:00Z,1915,Нацистская Германия
http://www.wikidata.org/entity/Q77072,Рихард Вильштеттер,person,http://www.wikidata.org/entity/Q44585,Нобелевская премия по химии,1915-01-01T00:00:00Z,1915,Веймарская республика
http://www.wikidata.org/entity/Q77072,Рихард Вильштеттер,person,http://www.wikidata.org/entity/Q44585,Нобелевская премия по химии,1915-01-01T00:00:00Z,1915,Германская империя
http://www.wikidata.org/entity/Q129173,Карл Густав Вернер фон Хейденстам,person,http://www.wikidata.org/entity/Q37922,Нобелевская премия по литературе,1916-01-01T00:00:00Z,1916,Швеция
http://www.wikidata.org/entity/Q131487,Карл Адольф Гьеллеруп,person,http://www.wikidata.org/entity/Q37922,Нобелевская премия по литературе,1917-01-01T00:00:00Z,1917,Датское королевство
http://www.wikidata.org/entity/Q225554,Хенрик Понтоппидан,person,http://www.wikidata.org/entity/Q37922,Нобелевская премия по литературе,1917-01-01T00:00:00Z,1917,Датское королевство
http://www.wikidata.org/entity/Q160522,Чарлз Гловер Баркла,person,http://www.wikidata.org/entity/Q38104,Нобелевская премия по физике,1917-01-01T00:00:00Z,1917,Великобритания
http://www.wikidata.org/entity/Q9021,Макс Планк,person,http://www.wikidata.org/entity/Q38104,Нобелевская премия по физике,1918-01-01T00:00:00Z,1918,Германский рейх
http://www.wikidata.org/entity/Q57075,Фриц Габер,person,http://www.wikidata.org/entity/Q44585,Нобелевская премия по химии,1918-01-01T00:00:00Z,1918,Королевство Пруссия
http://www.wikidata.org/entity/Q57075,Фриц Габер,person,http://www.wikidata.org/entity/Q44585,Нобелевская премия по химии,1918-01-01T00:00:00Z,1918,Веймарская республика
http://www.wikidata.org/entity/Q226525,Карл Шпиттелер,person,http://www.wikidata.org/entity/Q37922,Нобелевская премия по литературе,1919-01-01T00:00:00Z,1919,Швейцария
http://www.wikidata.org/entity/Q57092,Йоханнес Штарк,person,http://www.wikidata.org/entity/Q38104,Нобелевская премия по физике,1919-01-01T00:00:00Z,1919,Германия
http://www.wikidata.org/entity/Q57092,Йоханнес Штарк,person,http://www.wikidata.org/entity/Q38104,Нобелевская премия по физике,1919-01-01T00:00:00Z,1919,Королевство Бавария
http://www.wikidata.org/entity/Q211787,Жюль Борде,person,http://www.wikidata.org/entity/Q80061,Нобелевская премия по физиологии и медицине,1919-01-01T00:00:00Z,1919,Бельгия
http://www.wikidata.org/entity/Q40826,Кнут Гамсун,person,http://www.wikidata.org/entity/Q37922,Нобелевская премия по литературе,1920-01-01T00:00:00Z,1920,Норвегия
http://www.wikidata.org/entity/Q123026,Шарль Эдуар Гийом,person,http://www.wikidata.org/entity/Q38104,Нобелевская премия по физике,1920-01-01T00:00:00Z,1920,Швейцария
http://www.wikidata.org/entity/Q123026,Шарль Эдуар Гийом,person,http://www.wikidata.org/entity/Q38104,Нобелевская премия по физике,1920-01-01T00:00:00Z,1920,Франция
http://www.wikidata.org/entity/Q152187,Август Крог,person,http://www.wikidata.org/entity/Q80061,Нобелевская премия по физиологии и медицине,1920-01-01T00:00:00Z,1920,Датское королевство
http://www.wikidata.org/entity/Q57125,Вальтер Герман Нернст,person,http://www.wikidata.org/entity/Q44585,Нобелевская премия по химии,1920-01-01T00:00:00Z,1920,Королевство Пруссия
http://www.wikidata.org/entity/Q57125,Вальтер Герман Нернст,person,http://www.wikidata.org/entity/Q44585,Нобелевская премия по химии,1920-01-01T00:00:00Z,1920,Веймарская республика
http://www.wikidata.org/entity/Q42443,Анатоль Франс,person,http://www.wikidata.org/entity/Q37922,Нобелевская премия по литературе,1921-01-01T00:00:00Z,1921,Франция
http://www.wikidata.org/entity/Q937,Альберт Эйнштейн,person,http://www.wikidata.org/entity/Q38104,Нобелевская премия по физике,1921-01-01T00:00:00Z,1921,США
http://www.wikidata.org/entity/Q937,Альберт Эйнштейн,person,http://www.wikidata.org/entity/Q38104,Нобелевская премия по физике,1921-01-01T00:00:00Z,1921,Швейцария
http://www.wikidata.org/entity/Q937,Альберт Эйнштейн,person,http://www.wikidata.org/entity/Q38104,Нобелевская премия по физике,1921-01-01T00:00:00Z,1921,Германия
http://www.wikidata.org/entity/Q937,Альберт Эйнштейн,person,http://www.wikidata.org/entity/Q38104,Нобелевская премия по физике,1921-01-01T00:00:00Z,1921,Веймарская республика
http://www.wikidata.org/entity/Q937,Альберт Эйнштейн,person,http://www.wikidata.org/entity/Q38104,Нобелевская премия по физике,1921-01-01T00:00:00Z,1921,Королевство Вюртемберг
http://www.wikidata.org/entity/Q937,Альберт Эйнштейн,person,http://www.wikidata.org/entity/Q38104,Нобелевская премия по физике,1921-01-01T00:00:00Z,1921,апатрид
http://www.wikidata.org/entity/Q937,Альберт Эйнштейн,person,http://www.wikidata.org/entity/Q38104,Нобелевская премия по физике,1921-01-01T00:00:00Z,1921,Цислейтания
http://www.wikidata.org/entity/Q102830,Фредерик Содди,person,http://www.wikidata.org/entity/Q44585,Нобелевская премия по химии,1921-01-01T00:00:00Z,1921,Великобритания
http://www.wikidata.org/entity/Q83184,Хасинто Бенавенте-и-Мартинес,person,http://www.wikidata.org/entity/Q37922,Нобелевская премия по литературе,1922-01-01T00:00:00Z,1922,Испания
http://www.wikidata.org/entity/Q7085,Нильс Бор,person,http://www.wikidata.org/entity/Q38104,Нобелевская премия по физике,1922-01-01T00:00:00Z,1922,Датское королевство
http://www.wikidata.org/entity/Q155375,Арчибалд Хилл,person,http://www.wikidata.org/entity/Q80061,Нобелевская премия по физиологии и медицине,1922-01-01T00:00:00Z,1922,Великобритания
http://www.wikidata.org/entity/Q57132,Отто Мейергоф,person,http://www.wikidata.org/entity/Q80061,Нобелевская премия по физиологии и медицине,1922-01-01T00:00:00Z,1922,США
http://www.wikidata.org/entity/Q57132,Отто Мейергоф,person,http://www.wikidata.org/entity/Q80061,Нобелевская премия по физиологии и медицине,1922-01-01T00:00:00Z,1922,Германия
http://www.wikidata.org/entity/Q102291,Фрэнсис Уильям Астон,person,http://www.wikidata.org/entity/Q44585,Нобелевская премия по химии,1922-01-01T00:00:00Z,1922,Великобритания
http://www.wikidata.org/entity/Q40213,Уильям Батлер Йейтс,person,http://www.wikidata.org/entity/Q37922,Нобелевская премия по литературе,1923-01-01T00:00:00Z,1923,Ирландское Свободное государство
http://www.wikidata.org/entity/Q130975,Роберт Милликен,person,http://www.wikidata.org/entity/Q38104,Нобелевская премия по физике,1923-01-01T00:00:00Z,1923,США
http://www.wikidata.org/entity/Q232024,Джон Маклеод,person,http://www.wikidata.org/entity/Q80061,Нобелевская премия по физиологии и медицине,1923-01-01T00:00:00Z,1923,Великобритания
http://www.wikidata.org/entity/Q180350,Фредерик Бантинг,person,http://www.wikidata.org/entity/Q80061,Нобелевская премия по физиологии и медицине,1923-01-01T00:00:00Z,1923,Канада
http://www.wikidata.org/entity/Q78482,Фриц Прегль,person,http://www.wikidata.org/entity/Q44585,Нобелевская премия по химии,1923-01-01T00:00:00Z,1923,Австрия
http://www.wikidata.org/entity/Q78482,Фриц Прегль,person,http://www.wikidata.org/entity/Q44585,Нобелевская премия по химии,1923-01-01T00:00:00Z,1923,Королевство Югославия
http://www.wikidata.org/entity/Q78482,Фриц Прегль,person,http://www.wikidata.org/entity/Q44585,Нобелевская премия по химии,1923-01-01T00:00:00Z,1923,Цислейтания
http://www.wikidata.org/entity/Q78482,Фриц Прегль,person,http://www.wikidata.org/entity/Q44585,Нобелевская премия по химии,1923-01-01T00:00:00Z,1923,"Королевство сербов, хорватов и словенцев"
http://www.wikidata.org/entity/Q121180,Владислав Реймонт,person,http://www.wikidata.org/entity/Q37922,Нобелевская премия по литературе,1924-01-01T00:00:00Z,1924,Российская империя
http://www.wikidata.org/entity/Q121180,Владислав Реймонт,person,http://www.wikidata.org/entity/Q37922,Нобелевская премия по литературе,1924-01-01T00:00:00Z,1924,Польская Республика
http://www.wikidata.org/entity/Q170741,Карл Манне Георг Сигбан,person,http://www.wikidata.org/entity/Q38104,Нобелевская премия по физике,1924-01-01T00:00:00Z,1924,Швеция
http://www.wikidata.org/entity/Q189488,Виллем Эйнтховен,person,http://www.wikidata.org/entity/Q80061,Нобелевская премия по физиологии и медицине,1924-01-01T00:00:00Z,1924,Королевство Нидерландов
http://www.wikidata.org/entity/Q19185,Джордж Бернард Шоу,person,http://www.wikidata.org/entity/Q37922,Нобелевская премия по литературе,1925-01-01T00:00:00Z,1925,Ирландия
http://www.wikidata.org/entity/Q19185,Джордж Бернард Шоу,person,http://www.wikidata.org/entity/Q37922,Нобелевская премия по литературе,1925-01-01T00:00:00Z,1925,Великобритания
http://www.wikidata.org/entity/Q19185,Джордж Бернард Шоу,person,http://www.wikidata.org/entity/Q37922,Нобелевская премия по литературе,1925-01-01T00:00:00Z,1925,Соединённое королевство Великобритании и Ирландии
http://www.wikidata.org/entity/Q57070,Густав Людвиг Герц,person,http://www.wikidata.org/entity/Q38104,Нобелевская премия по физике,1925-01-01T00:00:00Z,1925,СССР
http://www.wikidata.org/entity/Q57070,Густав Людвиг Герц,person,http://www.wikidata.org/entity/Q38104,Нобелевская премия по физике,1925-01-01T00:00:00Z,1925,ГДР
http://www.wikidata.org/entity/Q57070,Густав Людвиг Герц,person,http://www.wikidata.org/entity/Q38104,Нобелевская премия по физике,1925-01-01T00:00:00Z,1925,Германский рейх
http://www.wikidata.org/entity/Q57066,Джеймс Франк,person,http://www.wikidata.org/entity/Q38104,Нобелевская премия по физике,1925-01-01T00:00:00Z,1925,США
http://www.wikidata.org/entity/Q57066,Джеймс Франк,person,http://www.wikidata.org/entity/Q38104,Нобелевская премия по физике,1925-01-01T00:00:00Z,1925,Веймарская республика
http://www.wikidata.org/entity/Q78481,Рихард Зигмонди,person,http://www.wikidata.org/entity/Q44585,Нобелевская премия по химии,1925-01-01T00:00:00Z,1925,Австрия
http://www.wikidata.org/entity/Q7728,Грация Деледда,person,http://www.wikidata.org/entity/Q37922,Нобелевская премия по литературе,1926-01-01T00:00:00Z,1926,Королевство Италия
http://www.wikidata.org/entity/Q134085,Жан Батист Перрен,person,http://www.wikidata.org/entity/Q38104,Нобелевская премия по физике,1926-01-01T00:00:00Z,1926,Франция
http://www.wikidata.org/entity/Q216324,Йоханнес Андреас Гриб Фибигер,person,http://www.wikidata.org/entity/Q80061,Нобелевская премия по физиологии и медицине,1926-01-01T00:00:00Z,1926,Датское королевство
http://www.wikidata.org/entity/Q186391,Теодор Сведберг,person,http://www.wikidata.org/entity/Q44585,Нобелевская премия по химии,1926-01-01T00:00:00Z,1926,Швеция
http://www.wikidata.org/entity/Q42156,Анри Бергсон,person,http://www.wikidata.org/entity/Q37922,Нобелевская премия по литературе,1927-01-01T00:00:00Z,1927,Франция
http://www.wikidata.org/entity/Q127944,Артур Холли Комптон,person,http://www.wikidata.org/entity/Q38104,Нобелевская премия по физике,1927-01-01T00:00:00Z,1927,США
http://www.wikidata.org/entity/Q162900,Чарлз Томсон Рис Вильсон,person,http://www.wikidata.org/entity/Q38104,Нобелевская премия по физике,1927-01-01T00:00:00Z,1927,Великобритания
http://www.wikidata.org/entity/Q162900,Чарлз Томсон Рис Вильсон,person,http://www.wikidata.org/entity/Q38104,Нобелевская премия по физике,1927-01-01T00:00:00Z,1927,Соединённое королевство Великобритании и Ирландии
http://www.wikidata.org/entity/Q78479,Юлиус Вагнер-Яурегг,person,http://www.wikidata.org/entity/Q80061,Нобелевская премия по физиологии и медицине,1927-01-01T00:00:00Z,1927,Австрия
http://www.wikidata.org/entity/Q76610,Генрих Отто Виланд,person,http://www.wikidata.org/entity/Q44585,Нобелевская премия по химии,1927-01-01T00:00:00Z,1927,Нацистская Германия
http://www.wikidata.org/entity/Q76610,Генрих Отто Виланд,person,http://www.wikidata.org/entity/Q44585,Нобелевская премия по химии,1927-01-01T00:00:00Z,1927,Веймарская республика
http://www.wikidata.org/entity/Q76610,Генрих Отто Виланд,person,http://www.wikidata.org/entity/Q44585,Нобелевская премия по химии,1927-01-01T00:00:00Z,1927,Германская империя
http://www.wikidata.org/entity/Q76610,Генрих Отто Виланд,person,http://www.wikidata.org/entity/Q44585,Нобелевская премия по химии,1927-01-01T00:00:00Z,1927,ФРГ
http://www.wikidata.org/entity/Q80889,Сигрид Унсет,person,http://www.wikidata.org/entity/Q37922,Нобелевская премия по литературе,1928-01-01T00:00:00Z,1928,Норвегия
http://www.wikidata.org/entity/Q169330,Оуэн Ричардсон,person,http://www.wikidata.org/entity/Q38104,Нобелевская премия по физике,1928-01-01T00:00:00Z,1928,Великобритания
http://www.wikidata.org/entity/Q233965,Николь Шарль Жюль Анри,person,http://www.wikidata.org/entity/Q80061,Нобелевская премия по физиологии и медицине,1928-01-01T00:00:00Z,1928,Франция
http://www.wikidata.org/entity/Q77142,Адольф Отто Рейнгольд Виндаус,person,http://www.wikidata.org/entity/Q44585,Нобелевская премия по химии,1928-01-01T00:00:00Z,1928,Германия
http://www.wikidata.org/entity/Q37030,Томас Манн,person,http://www.wikidata.org/entity/Q37922,Нобелевская премия по литературе,1929-01-01T00:00:00Z,1929,США
http://www.wikidata.org/entity/Q37030,Томас Манн,person,http://www.wikidata.org/entity/Q37922,Нобелевская премия по литературе,1929-01-01T00:00:00Z,1929,Чехословакия
http://www.wikidata.org/entity/Q37030,Томас Манн,person,http://www.wikidata.org/entity/Q37922,Нобелевская премия по литературе,1929-01-01T00:00:00Z,1929,Германский рейх
http://www.wikidata.org/entity/Q83331,Луи де Бройль,person,http://www.wikidata.org/entity/Q38104,Нобелевская премия по физике,1929-01-01T00:00:00Z,1929,Франция
http://www.wikidata.org/entity/Q233976,Фредерик Гоуленд Хопкинс,person,http://www.wikidata.org/entity/Q80061,Нобелевская премия по физиологии и медицине,1929-01-01T00:00:00Z,1929,Великобритания
http://www.wikidata.org/entity/Q107609,Христиан Эйкман,person,http://www.wikidata.org/entity/Q80061,Нобелевская премия по физиологии и медицине,1929-01-01T00:00:00Z,1929,Королевство Нидерландов
http://www.wikidata.org/entity/Q189803,Артур Гарден,person,http://www.wikidata.org/entity/Q44585,Нобелевская премия по химии,1929-01-01T00:00:00Z,1929,Великобритания
http://www.wikidata.org/entity/Q76613,Ханс фон Эйлер-Хельпин,person,http://www.wikidata.org/entity/Q44585,Нобелевская премия по химии,1929-01-01T00:00:00Z,1929,Швеция
http://www.wikidata.org/entity/Q76613,Ханс фон Эйлер-Хельпин,person,http://www.wikidata.org/entity/Q44585,Нобелевская премия по химии,1929-01-01T00:00:00Z,1929,Германия
http://www.wikidata.org/entity/Q123469,Синклер Льюис,person,http://www.wikidata.org/entity/Q37922,Нобелевская премия по литературе,1930-01-01T00:00:00Z,1930,США
http://www.wikidata.org/entity/Q60429,Чандрасекхара Венката Раман,person,http://www.wikidata.org/entity/Q38104,Нобелевская премия по физике,1930-01-01T00:00:00Z,1930,Индия
http://www.wikidata.org/entity/Q84405,Карл Ландштейнер,person,http://www.wikidata.org/entity/Q80061,Нобелевская премия по физиологии и медицине,1930-01-01T00:00:00Z,1930,США
http://www.wikidata.org/entity/Q84405,Карл Ландштейнер,person,http://www.wikidata.org/entity/Q80061,Нобелевская премия по физиологии и медицине,1930-01-01T00:00:00Z,1930,Австро-Венгрия
http://www.wikidata.org/entity/Q76604,Ханс Фишер,person,http://www.wikidata.org/entity/Q44585,Нобелевская премия по химии,1930-01-01T00:00:00Z,1930,Германия
http://www.wikidata.org/entity/Q76604,Ханс Фишер,person,http://www.wikidata.org/entity/Q44585,Нобелевская премия по химии,1930-01-01T00:00:00Z,1930,Нацистская Германия
http://www.wikidata.org/entity/Q76604,Ханс Фишер,person,http://www.wikidata.org/entity/Q44585,Нобелевская премия по химии,1930-01-01T00:00:00Z,1930,Веймарская республика
http://www.wikidata.org/entity/Q76604,Ханс Фишер,person,http://www.wikidata.org/entity/Q44585,Нобелевская премия по химии,1930-01-01T00:00:00Z,1930,Германская империя
http://www.wikidata.org/entity/Q134641,Эрик Аксель Карлфельдт,person,http://www.wikidata.org/entity/Q37922,Нобелевская премия по литературе,1931-01-01T00:00:00Z,1931,Швеция
http://www.wikidata.org/entity/Q76464,Отто Генрих Варбург,person,http://www.wikidata.org/entity/Q80061,Нобелевская премия по физиологии и медицине,1931-01-01T00:00:00Z,1931,Нацистская Германия
http://www.wikidata.org/entity/Q76464,Отто Генрих Варбург,person,http://www.wikidata.org/entity/Q80061,Нобелевская премия по физиологии и медицине,1931-01-01T00:00:00Z,1931,Веймарская республика
http://www.wikidata.org/entity/Q76464,Отто Генрих Варбург,person,http://www.wikidata.org/entity/Q80061,Нобелевская премия по физиологии и медицине,1931-01-01T00:00:00Z,1931,Германская империя
http://www.wikidata.org/entity/Q76464,Отто Генрих Варбург,person,http://www.wikidata.org/entity/Q80061,Нобелевская премия по физиологии и медицине,1931-01-01T00:00:00Z,1931,ФРГ
http://www.wikidata.org/entity/Q76606,Карл Бош,person,http://www.wikidata.org/entity/Q44585,Нобелевская премия по химии,1931-01-01T00:00:00Z,1931,Германский рейх
http://www.wikidata.org/entity/Q76614,Фридрих Бергиус,person,http://www.wikidata.org/entity/Q44585,Нобелевская премия по химии,1931-01-01T00:00:00Z,1931,Германия
http://www.wikidata.org/entity/Q82248,Джон Голсуорси,person,http://www.wikidata.org/entity/Q37922,Нобелевская премия по литературе,1932-01-01T00:00:00Z,1932,Великобритания
http://www.wikidata.org/entity/Q82248,Джон Голсуорси,person,http://www.wikidata.org/entity/Q37922,Нобелевская премия по литературе,1932-01-01T00:00:00Z,1932,Соединённое королевство Великобритании и Ирландии
http://www.wikidata.org/entity/Q40904,Вернер Гейзенберг,person,http://www.wikidata.org/entity/Q38104,Нобелевская премия по физике,1932-01-01T00:00:00Z,1932,Нацистская Германия
http://www.wikidata.org/entity/Q40904,Вернер Гейзенберг,person,http://www.wikidata.org/entity/Q38104,Нобелевская премия по физике,1932-01-01T00:00:00Z,1932,Веймарская республика
http://www.wikidata.org/entity/Q40904,Вернер Гейзенберг,person,http://www.wikidata.org/entity/Q38104,Нобелевская премия по физике,1932-01-01T00:00:00Z,1932,Германская империя
http://www.wikidata.org/entity/Q40904,Вернер Гейзенберг,person,http://www.wikidata.org/entity/Q38104,Нобелевская премия по физике,1932-01-01T00:00:00Z,1932,ФРГ
http://www.wikidata.org/entity/Q213504,Чарльз Скотт Шеррингтон,person,http://www.wikidata.org/entity/Q80061,Нобелевская премия по физиологии и медицине,1932-01-01T00:00:00Z,1932,США
http://www.wikidata.org/entity/Q213504,Чарльз Скотт Шеррингтон,person,http://www.wikidata.org/entity/Q80061,Нобелевская премия по физиологии и медицине,1932-01-01T00:00:00Z,1932,Великобритания
http://www.wikidata.org/entity/Q231292,Эдгар Дуглас Эдриан,person,http://www.wikidata.org/entity/Q80061,Нобелевская премия по физиологии и медицине,1932-01-01T00:00:00Z,1932,Великобритания
http://www.wikidata.org/entity/Q184286,Ирвинг Ленгмюр,person,http://www.wikidata.org/entity/Q44585,Нобелевская премия по химии,1932-01-01T00:00:00Z,1932,США
http://www.wikidata.org/entity/Q46602,Иван Алексеевич Бунин,person,http://www.wikidata.org/entity/Q37922,Нобелевская премия по литературе,1933-01-01T00:00:00Z,1933,Франция
http://www.wikidata.org/entity/Q46602,Иван Алексеевич Бунин,person,http://www.wikidata.org/entity/Q37922,Нобелевская премия по литературе,1933-01-01T00:00:00Z,1933,Российская империя
http://www.wikidata.org/entity/Q47480,Поль Дирак,person,http://www.wikidata.org/entity/Q38104,Нобелевская премия по физике,1933-01-01T00:00:00Z,1933,Великобритания
http://www.wikidata.org/entity/Q9130,Эрвин Шрёдингер,person,http://www.wikidata.org/entity/Q38104,Нобелевская премия по физике,1933-01-01T00:00:00Z,1933,Германия
http://www.wikidata.org/entity/Q9130,Эрвин Шрёдингер,person,http://www.wikidata.org/entity/Q38104,Нобелевская премия по физике,1933-01-01T00:00:00Z,1933,Нацистская Германия
http://www.wikidata.org/entity/Q9130,Эрвин Шрёдингер,person,http://www.wikidata.org/entity/Q38104,Нобелевская премия по физике,1933-01-01T00:00:00Z,1933,Цислейтания
http://www.wikidata.org/entity/Q177681,Томас Хант Морган,person,http://www.wikidata.org/entity/Q80061,Нобелевская премия по физиологии и медицине,1933-01-01T00:00:00Z,1933,США
http://www.wikidata.org/entity/Q1403,Луиджи Пиранделло,person,http://www.wikidata.org/entity/Q37922,Нобелевская премия по литературе,1934-01-01T00:00:00Z,1934,Королевство Италия
http://www.wikidata.org/entity/Q245000,Джордж Майнот,person,http://www.wikidata.org/entity/Q80061,Нобелевская премия по физиологии и медицине,1934-01-01T00:00:00Z,1934,США
http://www.wikidata.org/entity/Q273238,Джордж Уипл,person,http://www.wikidata.org/entity/Q80061,Нобелевская премия по физиологии и медицине,1934-01-01T00:00:00Z,1934,США
http://www.wikidata.org/entity/Q80323,Уильям Мерфи,person,http://www.wikidata.org/entity/Q80061,Нобелевская премия по физиологии и медицине,1934-01-01T00:00:00Z,1934,США
http://www.wikidata.org/entity/Q179777,Гарольд Клейтон Юри,person,http://www.wikidata.org/entity/Q44585,Нобелевская премия по химии,1934-01-01T00:00:00Z,1934,США
http://www.wikidata.org/entity/Q80884,Джеймс Чедвик,person,http://www.wikidata.org/entity/Q38104,Нобелевская премия по физике,1935-01-01T00:00:00Z,1935,Великобритания
http://www.wikidata.org/entity/Q57568,Ханс Шпеман,person,http://www.wikidata.org/entity/Q80061,Нобелевская премия по физиологии и медицине,1935-01-01T00:00:00Z,1935,Германия
http://www.wikidata.org/entity/Q150989,Фредерик Жолио-Кюри,person,http://www.wikidata.org/entity/Q44585,Нобелевская премия по химии,1935-01-01T00:00:00Z,1935,Франция
http://www.wikidata.org/entity/Q93157,Юджин О’Нил,person,http://www.wikidata.org/entity/Q37922,Нобелевская премия по литературе,1936-01-01T00:00:00Z,1936,США
http://www.wikidata.org/entity/Q78520,Виктор Франц Гесс,person,http://www.wikidata.org/entity/Q38104,Нобелевская премия по физике,1936-01-01T00:00:00Z,1936,США
http://www.wikidata.org/entity/Q78520,Виктор Франц Гесс,person,http://www.wikidata.org/entity/Q38104,Нобелевская премия по физике,1936-01-01T00:00:00Z,1936,Австрия
http://www.wikidata.org/entity/Q169366,Карл Дейвид Андерсон,person,http://www.wikidata.org/entity/Q38104,Нобелевская премия по физике,1936-01-01T00:00:00Z,1936,США
http://www.wikidata.org/entity/Q72194,Генри Дейл,person,http://www.wikidata.org/entity/Q80061,Нобелевская премия по физиологии и медицине,1936-01-01T00:00:00Z,1936,Великобритания
http://www.wikidata.org/entity/Q77173,Отто Лёви,person,http://www.wikidata.org/entity/Q80061,Нобелевская премия по физиологии и медицине,1936-01-01T00:00:00Z,1936,США
http://www.wikidata.org/entity/Q77173,Отто Лёви,person,http://www.wikidata.org/entity/Q80061,Нобелевская премия по физиологии и медицине,1936-01-01T00:00:00Z,1936,Австрия
http://www.wikidata.org/entity/Q77173,Отто Лёви,person,http://www.wikidata.org/entity/Q80061,Нобелевская премия по физиологии и медицине,1936-01-01T00:00:00Z,1936,Германия
http://www.wikidata.org/entity/Q7504,Ирен Жолио-Кюри,person,http://www.wikidata.org/entity/Q44585,Нобелевская премия по химии,1936-01-01T00:00:00Z,1936,Франция
http://www.wikidata.org/entity/Q103835,Петер Йозеф Вильгельм Дебай,person,http://www.wikidata.org/entity/Q44585,Нобелевская премия по химии,1936-01-01T00:00:00Z,1936,США
http://www.wikidata.org/entity/Q103835,Петер Йозеф Вильгельм Дебай,person,http://www.wikidata.org/entity/Q44585,Нобелевская премия по химии,1936-01-01T00:00:00Z,1936,Королевство Нидерландов
http://www.wikidata.org/entity/Q129155,Роже Мартен дю Гар,person,http://www.wikidata.org/entity/Q37922,Нобелевская премия по литературе,1937-01-01T00:00:00Z,1937,Франция
http://www.wikidata.org/entity/Q133846,Джордж Паджет Томсон,person,http://www.wikidata.org/entity/Q38104,Нобелевская премия по физике,1937-01-01T00:00:00Z,1937,Великобритания
http://www.wikidata.org/entity/Q133846,Джордж Паджет Томсон,person,http://www.wikidata.org/entity/Q38104,Нобелевская премия по физике,1937-01-01T00:00:00Z,1937,Соединённое королевство Великобритании и Ирландии
http://www.wikidata.org/entity/Q133222,Клинтон Джозеф Дэвиссон,person,http://www.wikidata.org/entity/Q38104,Нобелевская премия по физике,1937-01-01T00:00:00Z,1937,США
http://www.wikidata.org/entity/Q180468,Альберт Сент-Дьёрдьи,person,http://www.wikidata.org/entity/Q80061,Нобелевская премия по физиологии и медицине,1937-01-01T00:00:00Z,1937,Венгрия
http://www.wikidata.org/entity/Q180468,Альберт Сент-Дьёрдьи,person,http://www.wikidata.org/entity/Q80061,Нобелевская премия по физиологии и медицине,1937-01-01T00:00:00Z,1937,США
http://www.wikidata.org/entity/Q73093,Пауль Каррер,person,http://www.wikidata.org/entity/Q44585,Нобелевская премия по химии,1937-01-01T00:00:00Z,1937,Швейцария
http://www.wikidata.org/entity/Q204600,Уолтер Норман Хоуорс,person,http://www.wikidata.org/entity/Q44585,Нобелевская премия по химии,1937-01-01T00:00:00Z,1937,Великобритания
http://www.wikidata.org/entity/Q204600,Уолтер Норман Хоуорс,person,http://www.wikidata.org/entity/Q44585,Нобелевская премия по химии,1937-01-01T00:00:00Z,1937,Соединённое королевство Великобритании и Ирландии
http://www.wikidata.org/entity/Q80900,Перл Бак,person,http://www.wikidata.org/entity/Q37922,Нобелевская премия по литературе,1938-01-01T00:00:00Z,1938,США
http://www.wikidata.org/entity/Q8753,Энрико Ферми,person,http://www.wikidata.org/entity/Q38104,Нобелевская премия по физике,1938-01-01T00:00:00Z,1938,США
http://www.wikidata.org/entity/Q8753,Энрико Ферми,person,http://www.wikidata.org/entity/Q38104,Нобелевская премия по физике,1938-01-01T00:00:00Z,1938,Италия
http://www.wikidata.org/entity/Q8753,Энрико Ферми,person,http://www.wikidata.org/entity/Q38104,Нобелевская премия по физике,1938-01-01T00:00:00Z,1938,Королевство Италия
http://www.wikidata.org/entity/Q156482,Корней Хейманс,person,http://www.wikidata.org/entity/Q80061,Нобелевская премия по физиологии и медицине,1938-01-01T00:00:00Z,1938,Бельгия
http://www.wikidata.org/entity/Q78483,Рихард Кун,person,http://www.wikidata.org/entity/Q44585,Нобелевская премия по химии,1938-01-01T00:00:00Z,1938,Нацистская Германия
http://www.wikidata.org/entity/Q78483,Рихард Кун,person,http://www.wikidata.org/entity/Q44585,Нобелевская премия по химии,1938-01-01T00:00:00Z,1938,Цислейтания
http://www.wikidata.org/entity/Q78483,Рихард Кун,person,http://www.wikidata.org/entity/Q44585,Нобелевская премия по химии,1938-01-01T00:00:00Z,1938,ФРГ
http://www.wikidata.org/entity/Q132723,Франс Эмиль Силланпяя,person,http://www.wikidata.org/entity/Q37922,Нобелевская премия по литературе,1939-01-01T00:00:00Z,1939,Финляндия
http://www.wikidata.org/entity/Q132723,Франс Эмиль Силланпяя,person,http://www.wikidata.org/entity/Q37922,Нобелевская премия по литературе,1939-01-01T00:00:00Z,1939,Великое княжество Финляндское
http://www.wikidata.org/entity/Q169577,Эрнест Орландо Лоуренс,person,http://www.wikidata.org/entity/Q38104,Нобелевская премия по физике,1939-01-01T00:00:00Z,1939,США
http://www.wikidata.org/entity/Q57192,Герхард Домагк,person,http://www.wikidata.org/entity/Q80061,Нобелевская премия по физиологии и медицине,1939-01-01T00:00:00Z,1939,Германия
http://www.wikidata.org/entity/Q5327,Адольф Фридрих Иоганн Бутенандт,person,http://www.wikidata.org/entity/Q44585,Нобелевская премия по химии,1939-01-01T00:00:00Z,1939,Германия
http://www.wikidata.org/entity/Q122996,Леопольд Ружичка,person,http://www.wikidata.org/entity/Q44585,Нобелевская премия по химии,1939-01-01T00:00:00Z,1939,Швейцария
http://www.wikidata.org/entity/Q122996,Леопольд Ружичка,person,http://www.wikidata.org/entity/Q44585,Нобелевская премия по химии,1939-01-01T00:00:00Z,1939,Цислейтания
http://www.wikidata.org/entity/Q57072,Отто Штерн,person,http://www.wikidata.org/entity/Q38104,Нобелевская премия по физике,1943-01-01T00:00:00Z,1943,США
http://www.wikidata.org/entity/Q57072,Отто Штерн,person,http://www.wikidata.org/entity/Q38104,Нобелевская премия по физике,1943-01-01T00:00:00Z,1943,Германия
http://www.wikidata.org/entity/Q190501,Хенрик Карл Петер Дам,person,http://www.wikidata.org/entity/Q80061,Нобелевская премия по физиологии и медицине,1943-01-01T00:00:00Z,1943,Датское королевство
http://www.wikidata.org/entity/Q230612,Эдуард Аделберт Дойзи,person,http://www.wikidata.org/entity/Q80061,Нобелевская премия по физиологии и медицине,1943-01-01T00:00:00Z,1943,США
http://www.wikidata.org/entity/Q76951,Дьёрдь де Хевеши,person,http://www.wikidata.org/entity/Q44585,Нобелевская премия по химии,1943-01-01T00:00:00Z,1943,Венгрия
http://www.wikidata.org/entity/Q76951,Дьёрдь де Хевеши,person,http://www.wikidata.org/entity/Q44585,Нобелевская премия по химии,1943-01-01T00:00:00Z,1943,Швеция
http://www.wikidata.org/entity/Q159552,Йоханнес Вильхельм Йенсен,person,http://www.wikidata.org/entity/Q37922,Нобелевская премия по литературе,1944-01-01T00:00:00Z,1944,Датское королевство
http://www.wikidata.org/entity/Q165969,Исидор Айзек Раби,person,http://www.wikidata.org/entity/Q38104,Нобелевская премия по физике,1944-01-01T00:00:00Z,1944,США
http://www.wikidata.org/entity/Q165969,Исидор Айзек Раби,person,http://www.wikidata.org/entity/Q38104,Нобелевская премия по физике,1944-01-01T00:00:00Z,1944,Цислейтания
http://www.wikidata.org/entity/Q273201,Герберт Спенсер Гассер,person,http://www.wikidata.org/entity/Q80061,Нобелевская премия по физиологии и медицине,1944-01-01T00:00:00Z,1944,США
http://www.wikidata.org/entity/Q243532,Джозеф Эрлангер,person,http://www.wikidata.org/entity/Q80061,Нобелевская премия по физиологии и медицине,1944-01-01T00:00:00Z,1944,США
http://www.wikidata.org/entity/Q57065,Отто Ган,person,http://www.wikidata.org/entity/Q44585,Нобелевская премия по химии,1944-01-01T00:00:00Z,1944,Нацистская Германия
http://www.wikidata.org/entity/Q57065,Отто Ган,person,http://www.wikidata.org/entity/Q44585,Нобелевская премия по химии,1944-01-01T00:00:00Z,1944,Веймарская республика
http://www.wikidata.org/entity/Q57065,Отто Ган,person,http://www.wikidata.org/entity/Q44585,Нобелевская премия по химии,1944-01-01T00:00:00Z,1944,Германская империя
http://www.wikidata.org/entity/Q57065,Отто Ган,person,http://www.wikidata.org/entity/Q44585,Нобелевская премия по химии,1944-01-01T00:00:00Z,1944,ФРГ
http://www.wikidata.org/entity/Q80871,Габриела Мистраль,person,http://www.wikidata.org/entity/Q37922,Нобелевская премия по литературе,1945-01-01T00:00:00Z,1945,Чили
http://www.wikidata.org/entity/Q65989,Вольфганг Паули,person,http://www.wikidata.org/entity/Q38104,Нобелевская премия по физике,1945-01-01T00:00:00Z,1945,США
http://www.wikidata.org/entity/Q65989,Вольфганг Паули,person,http://www.wikidata.org/entity/Q38104,Нобелевская премия по физике,1945-01-01T00:00:00Z,1945,Швейцария
http://www.wikidata.org/entity/Q65989,Вольфганг Паули,person,http://www.wikidata.org/entity/Q38104,Нобелевская премия по физике,1945-01-01T00:00:00Z,1945,Австрия
http://www.wikidata.org/entity/Q37064,Александр Флеминг,person,http://www.wikidata.org/entity/Q80061,Нобелевская премия по физиологии и медицине,1945-01-01T00:00:00Z,1945,Великобритания
http://www.wikidata.org/entity/Q137106,Хоуард Уолтер Флори,person,http://www.wikidata.org/entity/Q80061,Нобелевская премия по физиологии и медицине,1945-01-01T00:00:00Z,1945,Австралия
http://www.wikidata.org/entity/Q58054,Эрнст Борис Чейн,person,http://www.wikidata.org/entity/Q80061,Нобелевская премия по физиологии и медицине,1945-01-01T00:00:00Z,1945,Великобритания
http://www.wikidata.org/entity/Q58054,Эрнст Борис Чейн,person,http://www.wikidata.org/entity/Q80061,Нобелевская премия по физиологии и медицине,1945-01-01T00:00:00Z,1945,Германия
http://www.wikidata.org/entity/Q157239,Арттури Илмари Виртанен,person,http://www.wikidata.org/entity/Q44585,Нобелевская премия по химии,1945-01-01T00:00:00Z,1945,Финляндия
http://www.wikidata.org/entity/Q157239,Арттури Илмари Виртанен,person,http://www.wikidata.org/entity/Q44585,Нобелевская премия по химии,1945-01-01T00:00:00Z,1945,Великое княжество Финляндское
http://www.wikidata.org/entity/Q25973,Герман Гессе,person,http://www.wikidata.org/entity/Q37922,Нобелевская премия по литературе,1946-01-01T00:00:00Z,1946,Швейцария
http://www.wikidata.org/entity/Q25973,Герман Гессе,person,http://www.wikidata.org/entity/Q37922,Нобелевская премия по литературе,1946-01-01T00:00:00Z,1946,Германия
http://www.wikidata.org/entity/Q25973,Герман Гессе,person,http://www.wikidata.org/entity/Q37922,Нобелевская премия по литературе,1946-01-01T00:00:00Z,1946,Германская империя
http://www.wikidata.org/entity/Q172118,Перси Бриджмен,person,http://www.wikidata.org/entity/Q38104,Нобелевская премия по физике,1946-01-01T00:00:00Z,1946,США
http://www.wikidata.org/entity/Q83598,Герман Джозеф Мёллер,person,http://www.wikidata.org/entity/Q80061,Нобелевская премия по физиологии и медицине,1946-01-01T00:00:00Z,1946,США
http://www.wikidata.org/entity/Q106756,Джеймс Батчеллер Самнер,person,http://www.wikidata.org/entity/Q44585,Нобелевская премия по химии,1946-01-01T00:00:00Z,1946,США
http://www.wikidata.org/entity/Q106399,Джон Хауард Нортроп,person,http://www.wikidata.org/entity/Q44585,Нобелевская премия по химии,1946-01-01T00:00:00Z,1946,США
http://www.wikidata.org/entity/Q105937,Уэнделл Мередит Стэнли,person,http://www.wikidata.org/entity/Q44585,Нобелевская премия по химии,1946-01-01T00:00:00Z,1946,США
http://www.wikidata.org/entity/Q47484,Андре Жид,person,http://www.wikidata.org/entity/Q37922,Нобелевская премия по литературе,1947-01-01T00:00:00Z,1947,Франция
http://www.wikidata.org/entity/Q153194,Эдуард Виктор Эплтон,person,http://www.wikidata.org/entity/Q38104,Нобелевская премия по физике,1947-01-01T00:00:00Z,1947,Великобритания
http://www.wikidata.org/entity/Q237160,Бернардо Альберто Усай,person,http://www.wikidata.org/entity/Q80061,Нобелевская премия по физиологии и медицине,1947-01-01T00:00:00Z,1947,Аргентина
http://www.wikidata.org/entity/Q204733,Герти Кори,person,http://www.wikidata.org/entity/Q80061,Нобелевская премия по физиологии и медицине,1947-01-01T00:00:00Z,1947,США
http://www.wikidata.org/entity/Q204733,Герти Кори,person,http://www.wikidata.org/entity/Q80061,Нобелевская премия по физиологии и медицине,1947-01-01T00:00:00Z,1947,Чехословакия
http://www.wikidata.org/entity/Q204733,Герти Кори,person,http://www.wikidata.org/entity/Q80061,Нобелевская премия по физиологии и медицине,1947-01-01T00:00:00Z,1947,Цислейтания
http://www.wikidata.org/entity/Q78501,Карл Фердинанд Кори,person,http://www.wikidata.org/entity/Q80061,Нобелевская премия по физиологии и медицине,1947-01-01T00:00:00Z,1947,США
http://www.wikidata.org/entity/Q78501,Карл Фердинанд Кори,person,http://www.wikidata.org/entity/Q80061,Нобелевская премия по физиологии и медицине,1947-01-01T00:00:00Z,1947,Чехословакия
http://www.wikidata.org/entity/Q78501,Карл Фердинанд Кори,person,http://www.wikidata.org/entity/Q80061,Нобелевская премия по физиологии и медицине,1947-01-01T00:00:00Z,1947,Цислейтания
http://www.wikidata.org/entity/Q49351,Роберт Робинсон,person,http://www.wikidata.org/entity/Q44585,Нобелевская премия по химии,1947-01-01T00:00:00Z,1947,Великобритания
http://www.wikidata.org/entity/Q49351,Роберт Робинсон,person,http://www.wikidata.org/entity/Q44585,Нобелевская премия по химии,1947-01-01T00:00:00Z,1947,Соединённое королевство Великобритании и Ирландии
http://www.wikidata.org/entity/Q37767,Т. С. Элиот,person,http://www.wikidata.org/entity/Q37922,Нобелевская премия по литературе,1948-01-01T00:00:00Z,1948,США
http://www.wikidata.org/entity/Q37767,Т. С. Элиот,person,http://www.wikidata.org/entity/Q37922,Нобелевская премия по литературе,1948-01-01T00:00:00Z,1948,Великобритания
http://www.wikidata.org/entity/Q184499,Патрик Мейнард Стюарт Блэкетт,person,http://www.wikidata.org/entity/Q38104,Нобелевская премия по физике,1948-01-01T00:00:00Z,1948,Великобритания
http://www.wikidata.org/entity/Q184499,Патрик Мейнард Стюарт Блэкетт,person,http://www.wikidata.org/entity/Q38104,Нобелевская премия по физике,1948-01-01T00:00:00Z,1948,Соединённое королевство Великобритании и Ирландии
http://www.wikidata.org/entity/Q115475,Пауль Герман Мюллер,person,http://www.wikidata.org/entity/Q80061,Нобелевская премия по физиологии и медицине,1948-01-01T00:00:00Z,1948,Швейцария
http://www.wikidata.org/entity/Q233026,Арне Тиселиус,person,http://www.wikidata.org/entity/Q44585,Нобелевская премия по химии,1948-01-01T00:00:00Z,1948,Швеция
http://www.wikidata.org/entity/Q38392,Уильям Фолкнер,person,http://www.wikidata.org/entity/Q37922,Нобелевская премия по литературе,1949-01-01T00:00:00Z,1949,США
http://www.wikidata.org/entity/Q155777,Хидэки Юкава,person,http://www.wikidata.org/entity/Q38104,Нобелевская премия по физике,1949-01-01T00:00:00Z,1949,Япония
http://www.wikidata.org/entity/Q155777,Хидэки Юкава,person,http://www.wikidata.org/entity/Q38104,Нобелевская премия по физике,1949-01-01T00:00:00Z,1949,Японская империя
http://www.wikidata.org/entity/Q273219,Антониу Эгаш Мониш,person,http://www.wikidata.org/entity/Q80061,Нобелевская премия по физиологии и медицине,1949-01-01T00:00:00Z,1949,Португалия
http://www.wikidata.org/entity/Q273219,Антониу Эгаш Мониш,person,http://www.wikidata.org/entity/Q80061,Нобелевская премия по физиологии и медицине,1949-01-01T00:00:00Z,1949,Королевство Португалия
http://www.wikidata.org/entity/Q115470,Вальтер Гесс,person,http://www.wikidata.org/entity/Q80061,Нобелевская премия по физиологии и медицине,1949-01-01T00:00:00Z,1949,Швейцария
http://www.wikidata.org/entity/Q110073,Уильям Фрэнсис Джиок,person,http://www.wikidata.org/entity/Q44585,Нобелевская премия по химии,1949-01-01T00:00:00Z,1949,Канада
http://www.wikidata.org/entity/Q110073,Уильям Фрэнсис Джиок,person,http://www.wikidata.org/entity/Q44585,Нобелевская премия по химии,1949-01-01T00:00:00Z,1949,США
http://www.wikidata.org/entity/Q33760,Бертран Рассел,person,http://www.wikidata.org/entity/Q37922,Нобелевская премия по литературе,1950-01-01T00:00:00Z,1950,Великобритания
http://www.wikidata.org/entity/Q33760,Бертран Рассел,person,http://www.wikidata.org/entity/Q37922,Нобелевская премия по литературе,1950-01-01T00:00:00Z,1950,Соединённое королевство Великобритании и Ирландии
http://www.wikidata.org/entity/Q178103,Сесил Фрэнк Пауэлл,person,http://www.wikidata.org/entity/Q38104,Нобелевская премия по физике,1950-01-01T00:00:00Z,1950,Великобритания
http://www.wikidata.org/entity/Q115490,Тадеуш Рейхштейн,person,http://www.wikidata.org/entity/Q80061,Нобелевская премия по физиологии и медицине,1950-01-01T00:00:00Z,1950,Польша
http://www.wikidata.org/entity/Q115490,Тадеуш Рейхштейн,person,http://www.wikidata.org/entity/Q80061,Нобелевская премия по физиологии и медицине,1950-01-01T00:00:00Z,1950,Швейцария
http://www.wikidata.org/entity/Q235651,Филип Хенч,person,http://www.wikidata.org/entity/Q80061,Нобелевская премия по физиологии и медицине,1950-01-01T00:00:00Z,1950,США
http://www.wikidata.org/entity/Q110101,Эдуард Кендалл,person,http://www.wikidata.org/entity/Q80061,Нобелевская премия по физиологии и медицине,1950-01-01T00:00:00Z,1950,США
http://www.wikidata.org/entity/Q76595,Курт Альдер,person,http://www.wikidata.org/entity/Q44585,Нобелевская премия по химии,1950-01-01T00:00:00Z,1950,Германия
http://www.wikidata.org/entity/Q76616,Отто Дильс,person,http://www.wikidata.org/entity/Q44585,Нобелевская премия по химии,1950-01-01T00:00:00Z,1950,Германия
http://www.wikidata.org/entity/Q93137,Пер Лагерквист,person,http://www.wikidata.org/entity/Q37922,Нобелевская премия по литературе,1951-01-01T00:00:00Z,1951,Швеция
http://www.wikidata.org/entity/Q62897,Джон Кокрофт,person,http://www.wikidata.org/entity/Q38104,Нобелевская премия по физике,1951-01-01T00:00:00Z,1951,Великобритания
http://www.wikidata.org/entity/Q183631,Эрнест Томас Синтон Уолтон,person,http://www.wikidata.org/entity/Q38104,Нобелевская премия по физике,1951-01-01T00:00:00Z,1951,Ирландия
http://www.wikidata.org/entity/Q183631,Эрнест Томас Синтон Уолтон,person,http://www.wikidata.org/entity/Q38104,Нобелевская премия по физике,1951-01-01T00:00:00Z,1951,Ирландское Свободное государство
http://www.wikidata.org/entity/Q183631,Эрнест Томас Синтон Уолтон,person,http://www.wikidata.org/entity/Q38104,Нобелевская премия по физике,1951-01-01T00:00:00Z,1951,Соединённое королевство Великобритании и Ирландии
http://www.wikidata.org/entity/Q46928,Макс Тейлер,person,http://www.wikidata.org/entity/Q80061,Нобелевская премия по физиологии и медицине,1951-01-01T00:00:00Z,1951,США
http://www.wikidata.org/entity/Q46928,Макс Тейлер,person,http://www.wikidata.org/entity/Q80061,Нобелевская премия по физиологии и медицине,1951-01-01T00:00:00Z,1951,ЮАР
http://www.wikidata.org/entity/Q48973,Гленн Теодор Сиборг,person,http://www.wikidata.org/entity/Q44585,Нобелевская премия по химии,1951-01-01T00:00:00Z,1951,США
http://www.wikidata.org/entity/Q19009,Эдвин Маттисон Макмиллан,person,http://www.wikidata.org/entity/Q44585,Нобелевская премия по химии,1951-01-01T00:00:00Z,1951,США
http://www.wikidata.org/entity/Q81685,Франсуа Мориак,person,http://www.wikidata.org/entity/Q37922,Нобелевская премия по литературе,1952-01-01T00:00:00Z,1952,Франция
http://www.wikidata.org/entity/Q123022,Феликс Блох,person,http://www.wikidata.org/entity/Q38104,Нобелевская премия по физике,1952-01-01T00:00:00Z,1952,США
http://www.wikidata.org/entity/Q123022,Феликс Блох,person,http://www.wikidata.org/entity/Q38104,Нобелевская премия по физике,1952-01-01T00:00:00Z,1952,Швейцария
http://www.wikidata.org/entity/Q183270,Эдвард Миллс Парселл,person,http://www.wikidata.org/entity/Q38104,Нобелевская премия по физике,1952-01-01T00:00:00Z,1952,США
http://www.wikidata.org/entity/Q232308,Зельман Ваксман,person,http://www.wikidata.org/entity/Q80061,Нобелевская премия по физиологии и медицине,1952-01-01T00:00:00Z,1952,США
http://www.wikidata.org/entity/Q232308,Зельман Ваксман,person,http://www.wikidata.org/entity/Q80061,Нобелевская премия по физиологии и медицине,1952-01-01T00:00:00Z,1952,СССР
http://www.wikidata.org/entity/Q232308,Зельман Ваксман,person,http://www.wikidata.org/entity/Q80061,Нобелевская премия по физиологии и медицине,1952-01-01T00:00:00Z,1952,Российская империя
http://www.wikidata.org/entity/Q48977,Арчер Джон Портер Мартин,person,http://www.wikidata.org/entity/Q44585,Нобелевская премия по химии,1952-01-01T00:00:00Z,1952,Великобритания
http://www.wikidata.org/entity/Q48977,Арчер Джон Портер Мартин,person,http://www.wikidata.org/entity/Q44585,Нобелевская премия по химии,1952-01-01T00:00:00Z,1952,Соединённое королевство Великобритании и Ирландии
http://www.wikidata.org/entity/Q48979,Ричард Лоуренс Миллингтон Синг,person,http://www.wikidata.org/entity/Q44585,Нобелевская премия по химии,1952-01-01T00:00:00Z,1952,Великобритания
http://www.wikidata.org/entity/Q48979,Ричард Лоуренс Миллингтон Синг,person,http://www.wikidata.org/entity/Q44585,Нобелевская премия по химии,1952-01-01T00:00:00Z,1952,Соединённое королевство Великобритании и Ирландии
http://www.wikidata.org/entity/Q8016,Уинстон Черчилль,person,http://www.wikidata.org/entity/Q37922,Нобелевская премия по литературе,1953-01-01T00:00:00Z,1953,Великобритания
http://www.wikidata.org/entity/Q188293,Фриц Цернике,person,http://www.wikidata.org/entity/Q38104,Нобелевская премия по физике,1953-01-01T00:00:00Z,1953,Королевство Нидерландов
http://www.wikidata.org/entity/Q77104,Фриц Альберт Липман,person,http://www.wikidata.org/entity/Q80061,Нобелевская премия по физиологии и медицине,1953-01-01T00:00:00Z,1953,США
http://www.wikidata.org/entity/Q77104,Фриц Альберт Липман,person,http://www.wikidata.org/entity/Q80061,Нобелевская премия по физиологии и медицине,1953-01-01T00:00:00Z,1953,Германия
http://www.wikidata.org/entity/Q57191,Ханс Адольф Кребс,person,http://www.wikidata.org/entity/Q80061,Нобелевская премия по физиологии и медицине,1953-01-01T00:00:00Z,1953,Великобритания
http://www.wikidata.org/entity/Q57191,Ханс Адольф Кребс,person,http://www.wikidata.org/entity/Q80061,Нобелевская премия по физиологии и медицине,1953-01-01T00:00:00Z,1953,Германия
http://www.wikidata.org/entity/Q48956,Герман Штаудингер,person,http://www.wikidata.org/entity/Q44585,Нобелевская премия по химии,1953-01-01T00:00:00Z,1953,Германия
http://www.wikidata.org/entity/Q23434,Эрнест Хемингуэй,person,http://www.wikidata.org/entity/Q37922,Нобелевская премия по литературе,1954-01-01T00:00:00Z,1954,США
http://www.wikidata.org/entity/Q76474,Вальтер Боте,person,http://www.wikidata.org/entity/Q38104,Нобелевская премия по физике,1954-01-01T00:00:00Z,1954,Германия
http://www.wikidata.org/entity/Q58978,Макс Борн,person,http://www.wikidata.org/entity/Q38104,Нобелевская премия по физике,1954-01-01T00:00:00Z,1954,Великобритания
http://www.wikidata.org/entity/Q58978,Макс Борн,person,http://www.wikidata.org/entity/Q38104,Нобелевская премия по физике,1954-01-01T00:00:00Z,1954,Соединённое королевство Великобритании и Ирландии
http://www.wikidata.org/entity/Q58978,Макс Борн,person,http://www.wikidata.org/entity/Q38104,Нобелевская премия по физике,1954-01-01T00:00:00Z,1954,Германский рейх
http://www.wikidata.org/entity/Q312961,Джон Франклин Эндерс,person,http://www.wikidata.org/entity/Q80061,Нобелевская премия по физиологии и медицине,1954-01-01T00:00:00Z,1954,США
http://www.wikidata.org/entity/Q310131,Томас Хакл Уэллер,person,http://www.wikidata.org/entity/Q80061,Нобелевская премия по физиологии и медицине,1954-01-01T00:00:00Z,1954,США
http://www.wikidata.org/entity/Q309885,Фредерик Чапмен Роббинс,person,http://www.wikidata.org/entity/Q80061,Нобелевская премия по физиологии и медицине,1954-01-01T00:00:00Z,1954,США
http://www.wikidata.org/entity/Q48983,Лайнус Карл Полинг,person,http://www.wikidata.org/entity/Q44585,Нобелевская премия по химии,1954-01-01T00:00:00Z,1954,США
http://www.wikidata.org/entity/Q80321,Хальдоур Кильян Лакснесс,person,http://www.wikidata.org/entity/Q37922,Нобелевская премия по литературе,1955-01-01T00:00:00Z,1955,Исландия
http://www.wikidata.org/entity/Q184571,Поликарп Куш,person,http://www.wikidata.org/entity/Q38104,Нобелевская премия по физике,1955-01-01T00:00:00Z,1955,США
http://www.wikidata.org/entity/Q186497,Уиллис Лэмб,person,http://www.wikidata.org/entity/Q38104,Нобелевская премия по физике,1955-01-01T00:00:00Z,1955,США
http://www.wikidata.org/entity/Q156480,Аксель Хуго Теодор Теорелль,person,http://www.wikidata.org/entity/Q80061,Нобелевская премия по физиологии и медицине,1955-01-01T00:00:00Z,1955,Швеция
http://www.wikidata.org/entity/Q33128,Винсент дю Виньо,person,http://www.wikidata.org/entity/Q44585,Нобелевская премия по химии,1955-01-01T00:00:00Z,1955,США
http://www.wikidata.org/entity/Q131318,Хуан Рамон Хименес,person,http://www.wikidata.org/entity/Q37922,Нобелевская премия по литературе,1956-01-01T00:00:00Z,1956,Испания
http://www.wikidata.org/entity/Q949,Джон Бардин,person,http://www.wikidata.org/entity/Q38104,Нобелевская премия по физике,1956-01-01T00:00:00Z,1956,США
http://www.wikidata.org/entity/Q163415,Уильям Брэдфорд Шокли,person,http://www.wikidata.org/entity/Q38104,Нобелевская премия по физике,1956-01-01T00:00:00Z,1956,США
http://www.wikidata.org/entity/Q163415,Уильям Брэдфорд Шокли,person,http://www.wikidata.org/entity/Q38104,Нобелевская премия по физике,1956-01-01T00:00:00Z,1956,Великобритания
http://www.wikidata.org/entity/Q184577,Уолтер Хаузер Браттейн,person,http://www.wikidata.org/entity/Q38104,Нобелевская премия по физике,1956-01-01T00:00:00Z,1956,США
http://www.wikidata.org/entity/Q271757,Андре Фредерик Курнан,person,http://www.wikidata.org/entity/Q80061,Нобелевская премия по физиологии и медицине,1956-01-01T00:00:00Z,1956,США
http://www.wikidata.org/entity/Q271757,Андре Фредерик Курнан,person,http://www.wikidata.org/entity/Q80061,Нобелевская премия по физиологии и медицине,1956-01-01T00:00:00Z,1956,Франция
http://www.wikidata.org/entity/Q77152,Вернер Форсман,person,http://www.wikidata.org/entity/Q80061,Нобелевская премия по физиологии и медицине,1956-01-01T00:00:00Z,1956,Германская империя
http://www.wikidata.org/entity/Q77152,Вернер Форсман,person,http://www.wikidata.org/entity/Q80061,Нобелевская премия по физиологии и медицине,1956-01-01T00:00:00Z,1956,ФРГ
http://www.wikidata.org/entity/Q77152,Вернер Форсман,person,http://www.wikidata.org/entity/Q80061,Нобелевская премия по физиологии и медицине,1956-01-01T00:00:00Z,1956,Германский рейх
http://www.wikidata.org/entity/Q312963,Дикинсон Ричардс,person,http://www.wikidata.org/entity/Q80061,Нобелевская премия по физиологии и медицине,1956-01-01T00:00:00Z,1956,США
http://www.wikidata.org/entity/Q48990,Николай Николаевич Семёнов,person,http://www.wikidata.org/entity/Q44585,Нобелевская премия по химии,1956-01-01T00:00:00Z,1956,СССР
http://www.wikidata.org/entity/Q48990,Николай Николаевич Семёнов,person,http://www.wikidata.org/entity/Q44585,Нобелевская премия по химии,1956-01-01T00:00:00Z,1956,Российская империя
http://www.wikidata.org/entity/Q48986,Сирил Норман Хиншелвуд,person,http://www.wikidata.org/entity/Q44585,Нобелевская премия по химии,1956-01-01T00:00:00Z,1956,Великобритания
http://www.wikidata.org/entity/Q34670,Альбер Камю,person,http://www.wikidata.org/entity/Q37922,Нобелевская премия по литературе,1957-01-01T00:00:00Z,1957,Франция
http://www.wikidata.org/entity/Q183679,Ли Чжэндао,person,http://www.wikidata.org/entity/Q38104,Нобелевская премия по физике,1957-01-01T00:00:00Z,1957,США
http://www.wikidata.org/entity/Q183679,Ли Чжэндао,person,http://www.wikidata.org/entity/Q38104,Нобелевская премия по физике,1957-01-01T00:00:00Z,1957,Китайская Республика (Тайвань)
http://www.wikidata.org/entity/Q183679,Ли Чжэндао,person,http://www.wikidata.org/entity/Q38104,Нобелевская премия по физике,1957-01-01T00:00:00Z,1957,Китайская республика
http://www.wikidata.org/entity/Q181369,Янг Чжэньнин,person,http://www.wikidata.org/entity/Q38104,Нобелевская премия по физике,1957-01-01T00:00:00Z,1957,США
http://www.wikidata.org/entity/Q181369,Янг Чжэньнин,person,http://www.wikidata.org/entity/Q38104,Нобелевская премия по физике,1957-01-01T00:00:00Z,1957,Китай
http://www.wikidata.org/entity/Q181369,Янг Чжэньнин,person,http://www.wikidata.org/entity/Q38104,Нобелевская премия по физике,1957-01-01T00:00:00Z,1957,Китайская Республика (Тайвань)
http://www.wikidata.org/entity/Q181369,Янг Чжэньнин,person,http://www.wikidata.org/entity/Q38104,Нобелевская премия по физике,1957-01-01T00:00:00Z,1957,Китайская республика
http://www.wikidata.org/entity/Q115448,Даниеле Бове,person,http://www.wikidata.org/entity/Q80061,Нобелевская премия по физиологии и медицине,1957-01-01T00:00:00Z,1957,Италия
http://www.wikidata.org/entity/Q115448,Даниеле Бове,person,http://www.wikidata.org/entity/Q80061,Нобелевская премия по физиологии и медицине,1957-01-01T00:00:00Z,1957,Швейцария
http://www.wikidata.org/entity/Q157242,Александер Робертус Тодд,person,http://www.wikidata.org/entity/Q44585,Нобелевская премия по химии,1957-01-01T00:00:00Z,1957,Великобритания
http://www.wikidata.org/entity/Q41223,Борис Леонидович Пастернак,person,http://www.wikidata.org/entity/Q37922,Нобелевская премия по литературе,1958-01-01T00:00:00Z,1958,СССР
http://www.wikidata.org/entity/Q41223,Борис Леонидович Пастернак,person,http://www.wikidata.org/entity/Q37922,Нобелевская премия по литературе,1958-01-01T00:00:00Z,1958,Российская империя
http://www.wikidata.org/entity/Q155759,Игорь Евгеньевич Тамм,person,http://www.wikidata.org/entity/Q38104,Нобелевская премия по физике,1958-01-01T00:00:00Z,1958,СССР
http://www.wikidata.org/entity/Q155759,Игорь Евгеньевич Тамм,person,http://www.wikidata.org/entity/Q38104,Нобелевская премия по физике,1958-01-01T00:00:00Z,1958,Российская империя
http://www.wikidata.org/entity/Q76970,Павел Алексеевич Черенков,person,http://www.wikidata.org/entity/Q38104,Нобелевская премия по физике,1958-01-01T00:00:00Z,1958,СССР
http://www.wikidata.org/entity/Q76970,Павел Алексеевич Черенков,person,http://www.wikidata.org/entity/Q38104,Нобелевская премия по физике,1958-01-01T00:00:00Z,1958,Российская империя
http://www.wikidata.org/entity/Q192703,"Франк, Илья Михайлович",person,http://www.wikidata.org/entity/Q38104,Нобелевская премия по физике,1958-01-01T00:00:00Z,1958,СССР
http://www.wikidata.org/entity/Q192703,"Франк, Илья Михайлович",person,http://www.wikidata.org/entity/Q38104,Нобелевская премия по физике,1958-01-01T00:00:00Z,1958,Российская империя
http://www.wikidata.org/entity/Q238739,Джордж Уэлс Бидл,person,http://www.wikidata.org/entity/Q80061,Нобелевская премия по физиологии и медицине,1958-01-01T00:00:00Z,1958,США
http://www.wikidata.org/entity/Q218823,Джошуа Ледерберг,person,http://www.wikidata.org/entity/Q80061,Нобелевская премия по физиологии и медицине,1958-01-01T00:00:00Z,1958,США
http://www.wikidata.org/entity/Q237499,Эдуард Тейтем,person,http://www.wikidata.org/entity/Q80061,Нобелевская премия по физиологии и медицине,1958-01-01T00:00:00Z,1958,США
http://www.wikidata.org/entity/Q151564,Фредерик Сенгер,person,http://www.wikidata.org/entity/Q44585,Нобелевская премия по химии,1958-01-01T00:00:00Z,1958,Великобритания
http://www.wikidata.org/entity/Q151564,Фредерик Сенгер,person,http://www.wikidata.org/entity/Q44585,Нобелевская премия по химии,1958-01-01T00:00:00Z,1958,Соединённое королевство Великобритании и Ирландии
http://www.wikidata.org/entity/Q83038,Сальваторе Квазимодо,person,http://www.wikidata.org/entity/Q37922,Нобелевская премия по литературе,1959-01-01T00:00:00Z,1959,Италия
http://www.wikidata.org/entity/Q83038,Сальваторе Квазимодо,person,http://www.wikidata.org/entity/Q37922,Нобелевская премия по литературе,1959-01-01T00:00:00Z,1959,Королевство Италия
http://www.wikidata.org/entity/Q183655,Оуэн Чемберлен,person,http://www.wikidata.org/entity/Q38104,Нобелевская премия по физике,1959-01-01T00:00:00Z,1959,США
http://www.wikidata.org/entity/Q173028,Эмилио Джино Сегре,person,http://www.wikidata.org/entity/Q38104,Нобелевская премия по физике,1959-01-01T00:00:00Z,1959,США
http://www.wikidata.org/entity/Q173028,Эмилио Джино Сегре,person,http://www.wikidata.org/entity/Q38104,Нобелевская премия по физике,1959-01-01T00:00:00Z,1959,Королевство Италия
http://www.wikidata.org/entity/Q295678,Артур Корнберг,person,http://www.wikidata.org/entity/Q80061,Нобелевская премия по физиологии и медицине,1959-01-01T00:00:00Z,1959,США
http://www.wikidata.org/entity/Q233957,Северо Очоа,person,http://www.wikidata.org/entity/Q80061,Нобелевская премия по физиологии и медицине,1959-01-01T00:00:00Z,1959,Испания
http://www.wikidata.org/entity/Q233957,Северо Очоа,person,http://www.wikidata.org/entity/Q80061,Нобелевская премия по физиологии и медицине,1959-01-01T00:00:00Z,1959,США
http://www.wikidata.org/entity/Q157701,Ярослав Гейровский,person,http://www.wikidata.org/entity/Q44585,Нобелевская премия по химии,1959-01-01T00:00:00Z,1959,Чехословакия
http://www.wikidata.org/entity/Q132684,Сен-Жон Перс,person,http://www.wikidata.org/entity/Q37922,Нобелевская премия по литературе,1960-01-01T00:00:00Z,1960,Франция
http://www.wikidata.org/entity/Q80905,Дональд Артур Глазер,person,http://www.wikidata.org/entity/Q38104,Нобелевская премия по физике,1960-01-01T00:00:00Z,1960,США
http://www.wikidata.org/entity/Q214209,Питер Медавар,person,http://www.wikidata.org/entity/Q80061,Нобелевская премия по физиологии и медицине,1960-01-01T00:00:00Z,1960,США
http://www.wikidata.org/entity/Q214209,Питер Медавар,person,http://www.wikidata.org/entity/Q80061,Нобелевская премия по физиологии и медицине,1960-01-01T00:00:00Z,1960,Великобритания
http://www.wikidata.org/entity/Q193550,Фрэнк Макфарлейн Бёрнет,person,http://www.wikidata.org/entity/Q80061,Нобелевская премия по физиологии и медицине,1960-01-01T00:00:00Z,1960,Австралия
http://www.wikidata.org/entity/Q190486,Уиллард Франк Либби,person,http://www.wikidata.org/entity/Q44585,Нобелевская премия по химии,1960-01-01T00:00:00Z,1960,США
http://www.wikidata.org/entity/Q47561,Иво Андрич,person,http://www.wikidata.org/entity/Q37922,Нобелевская премия по литературе,1961-01-01T00:00:00Z,1961,Социалистическая Федеративная Республика Югославия
http://www.wikidata.org/entity/Q47561,Иво Андрич,person,http://www.wikidata.org/entity/Q37922,Нобелевская премия по литературе,1961-01-01T00:00:00Z,1961,Королевство Югославия
http://www.wikidata.org/entity/Q47561,Иво Андрич,person,http://www.wikidata.org/entity/Q37922,Нобелевская премия по литературе,1961-01-01T00:00:00Z,1961,Цислейтания
http://www.wikidata.org/entity/Q47561,Иво Андрич,person,http://www.wikidata.org/entity/Q37922,Нобелевская премия по литературе,1961-01-01T00:00:00Z,1961,"Государство словенцев, хорватов и сербов"
http://www.wikidata.org/entity/Q47561,Иво Андрич,person,http://www.wikidata.org/entity/Q37922,Нобелевская премия по литературе,1961-01-01T00:00:00Z,1961,"Королевство сербов, хорватов и словенцев"
http://www.wikidata.org/entity/Q130113,Роберт Хофштадтер,person,http://www.wikidata.org/entity/Q38104,Нобелевская премия по физике,1961-01-01T00:00:00Z,1961,США
http://www.wikidata.org/entity/Q44286,Рудольф Людвиг Мёссбауэр,person,http://www.wikidata.org/entity/Q38104,Нобелевская премия по физике,1961-01-01T00:00:00Z,1961,Германия
http://www.wikidata.org/entity/Q238716,Дьёрдь фон Бекеши,person,http://www.wikidata.org/entity/Q80061,Нобелевская премия по физиологии и медицине,1961-01-01T00:00:00Z,1961,Венгрия
http://www.wikidata.org/entity/Q238716,Дьёрдь фон Бекеши,person,http://www.wikidata.org/entity/Q80061,Нобелевская премия по физиологии и медицине,1961-01-01T00:00:00Z,1961,США
http://www.wikidata.org/entity/Q49347,Мелвин Калвин,person,http://www.wikidata.org/entity/Q44585,Нобелевская премия по химии,1961-01-01T00:00:00Z,1961,США
http://www.wikidata.org/entity/Q39212,Джон Стейнбек,person,http://www.wikidata.org/entity/Q37922,Нобелевская премия по литературе,1962-01-01T00:00:00Z,1962,США
http://www.wikidata.org/entity/Q133267,Лев Давидович Ландау,person,http://www.wikidata.org/entity/Q38104,Нобелевская премия по физике,1962-01-01T00:00:00Z,1962,СССР
http://www.wikidata.org/entity/Q133267,Лев Давидович Ландау,person,http://www.wikidata.org/entity/Q38104,Нобелевская премия по физике,1962-01-01T00:00:00Z,1962,Российская империя
http://www.wikidata.org/entity/Q133267,Лев Давидович Ландау,person,http://www.wikidata.org/entity/Q38104,Нобелевская премия по физике,1962-01-01T00:00:00Z,1962,Азербайджанская Демократическая Республика
http://www.wikidata.org/entity/Q83333,Джеймс Уотсон,person,http://www.wikidata.org/entity/Q80061,Нобелевская премия по физиологии и медицине,1962-01-01T00:00:00Z,1962,США
http://www.wikidata.org/entity/Q184659,Морис Уилкинс,person,http://www.wikidata.org/entity/Q80061,Нобелевская премия по физиологии и медицине,1962-01-01T00:00:00Z,1962,Великобритания
http://www.wikidata.org/entity/Q184659,Морис Уилкинс,person,http://www.wikidata.org/entity/Q80061,Нобелевская премия по физиологии и медицине,1962-01-01T00:00:00Z,1962,Новая Зеландия
http://www.wikidata.org/entity/Q123280,Фрэнсис Крик,person,http://www.wikidata.org/entity/Q80061,Нобелевская премия по физиологии и медицине,1962-01-01T00:00:00Z,1962,Великобритания
http://www.wikidata.org/entity/Q232295,Джон Коудери Кендрю,person,http://www.wikidata.org/entity/Q44585,Нобелевская премия по химии,1962-01-01T00:00:00Z,1962,Великобритания
http://www.wikidata.org/entity/Q78480,Макс Перуц,person,http://www.wikidata.org/entity/Q44585,Нобелевская премия по химии,1962-01-01T00:00:00Z,1962,Австрия
http://www.wikidata.org/entity/Q78480,Макс Перуц,person,http://www.wikidata.org/entity/Q44585,Нобелевская премия по химии,1962-01-01T00:00:00Z,1962,Великобритания
http://www.wikidata.org/entity/Q78480,Макс Перуц,person,http://www.wikidata.org/entity/Q44585,Нобелевская премия по химии,1962-01-01T00:00:00Z,1962,Соединённое королевство Великобритании и Ирландии
http://www.wikidata.org/entity/Q165823,Йоргос Сеферис,person,http://www.wikidata.org/entity/Q37922,Нобелевская премия по литературе,1963-01-01T00:00:00Z,1963,Греция
http://www.wikidata.org/entity/Q76797,Йоханнес Ханс Даниель Йенсен,person,http://www.wikidata.org/entity/Q38104,Нобелевская премия по физике,1963-01-01T00:00:00Z,1963,ФРГ
http://www.wikidata.org/entity/Q76797,Йоханнес Ханс Даниель Йенсен,person,http://www.wikidata.org/entity/Q38104,Нобелевская премия по физике,1963-01-01T00:00:00Z,1963,Германский рейх
http://www.wikidata.org/entity/Q57100,Мария Гёпперт-Майер,person,http://www.wikidata.org/entity/Q38104,Нобелевская премия по физике,1963-01-01T00:00:00Z,1963,США
http://www.wikidata.org/entity/Q57100,Мария Гёпперт-Майер,person,http://www.wikidata.org/entity/Q38104,Нобелевская премия по физике,1963-01-01T00:00:00Z,1963,Германия
http://www.wikidata.org/entity/Q155790,Юджин Вигнер,person,http://www.wikidata.org/entity/Q38104,Нобелевская премия по физике,1963-01-01T00:00:00Z,1963,Венгрия
http://www.wikidata.org/entity/Q155790,Юджин Вигнер,person,http://www.wikidata.org/entity/Q38104,Нобелевская премия по физике,1963-01-01T00:00:00Z,1963,США
http://www.wikidata.org/entity/Q193650,Алан Ходжкин,person,http://www.wikidata.org/entity/Q80061,Нобелевская премия по физиологии и медицине,1963-01-01T00:00:00Z,1963,Великобритания
http://www.wikidata.org/entity/Q273223,Джон Кэрью Экклс,person,http://www.wikidata.org/entity/Q80061,Нобелевская премия по физиологии и медицине,1963-01-01T00:00:00Z,1963,Австралия
http://www.wikidata.org/entity/Q104607,Эндрю Филдинг Хаксли,person,http://www.wikidata.org/entity/Q80061,Нобелевская премия по физиологии и медицине,1963-01-01T00:00:00Z,1963,Великобритания
http://www.wikidata.org/entity/Q234145,Джулио Натта,person,http://www.wikidata.org/entity/Q44585,Нобелевская премия по химии,1963-01-01T00:00:00Z,1963,Италия
http://www.wikidata.org/entity/Q234145,Джулио Натта,person,http://www.wikidata.org/entity/Q44585,Нобелевская премия по химии,1963-01-01T00:00:00Z,1963,Королевство Италия
http://www.wikidata.org/entity/Q76624,Карл Вальдемар Циглер,person,http://www.wikidata.org/entity/Q44585,Нобелевская премия по химии,1963-01-01T00:00:00Z,1963,Германия
http://www.wikidata.org/entity/Q9364,Жан-Поль Сартр,person,http://www.wikidata.org/entity/Q37922,Нобелевская премия по литературе,1964-01-01T00:00:00Z,1964,Франция
http://www.wikidata.org/entity/Q83552,Александр Михайлович Прохоров,person,http://www.wikidata.org/entity/Q38104,Нобелевская премия по физике,1964-01-01T00:00:00Z,1964,Россия
http://www.wikidata.org/entity/Q83552,Александр Михайлович Прохоров,person,http://www.wikidata.org/entity/Q38104,Нобелевская премия по физике,1964-01-01T00:00:00Z,1964,СССР
http://www.wikidata.org/entity/Q83557,Николай Геннадиевич Басов,person,http://www.wikidata.org/entity/Q38104,Нобелевская премия по физике,1964-01-01T00:00:00Z,1964,Россия
http://www.wikidata.org/entity/Q83557,Николай Геннадиевич Басов,person,http://www.wikidata.org/entity/Q38104,Нобелевская премия по физике,1964-01-01T00:00:00Z,1964,СССР
http://www.wikidata.org/entity/Q83557,Николай Геннадиевич Басов,person,http://www.wikidata.org/entity/Q38104,Нобелевская премия по физике,1964-01-01T00:00:00Z,1964,РСФСР
http://www.wikidata.org/entity/Q184566,Чарлз Хард Таунс,person,http://www.wikidata.org/entity/Q38104,Нобелевская премия по физике,1964-01-01T00:00:00Z,1964,США
http://www.wikidata.org/entity/Q35698,Конрад Эмиль Блох,person,http://www.wikidata.org/entity/Q80061,Нобелевская премия по физиологии и медицине,1964-01-01T00:00:00Z,1964,США
http://www.wikidata.org/entity/Q35698,Конрад Эмиль Блох,person,http://www.wikidata.org/entity/Q80061,Нобелевская премия по физиологии и медицине,1964-01-01T00:00:00Z,1964,Германия
http://www.wikidata.org/entity/Q44597,Феодор Феликс Конрад Линен,person,http://www.wikidata.org/entity/Q80061,Нобелевская премия по физиологии и медицине,1964-01-01T00:00:00Z,1964,Германия
http://www.wikidata.org/entity/Q7487,Дороти Ходжкин,person,http://www.wikidata.org/entity/Q44585,Нобелевская премия по химии,1964-01-01T00:00:00Z,1964,Великобритания
http://www.wikidata.org/entity/Q42398,Михаил Александрович Шолохов,person,http://www.wikidata.org/entity/Q37922,Нобелевская премия по литературе,1965-01-01T00:00:00Z,1965,СССР
http://www.wikidata.org/entity/Q42398,Михаил Александрович Шолохов,person,http://www.wikidata.org/entity/Q37922,Нобелевская премия по литературе,1965-01-01T00:00:00Z,1965,Российская империя
http://www.wikidata.org/entity/Q186465,Джулиан Швингер,person,http://www.wikidata.org/entity/Q38104,Нобелевская премия по физике,1965-01-01T00:00:00Z,1965,США
http://www.wikidata.org/entity/Q39246,Ричард Филлипс Фейнман,person,http://www.wikidata.org/entity/Q38104,Нобелевская премия по физике,1965-01-01T00:00:00Z,1965,США
http://www.wikidata.org/entity/Q184563,Синъитиро Томонага,person,http://www.wikidata.org/entity/Q38104,Нобелевская премия по физике,1965-01-01T00:00:00Z,1965,Япония
http://www.wikidata.org/entity/Q184563,Синъитиро Томонага,person,http://www.wikidata.org/entity/Q38104,Нобелевская премия по физике,1965-01-01T00:00:00Z,1965,Японская империя
http://www.wikidata.org/entity/Q223309,Андре Львов,person,http://www.wikidata.org/entity/Q80061,Нобелевская премия по физиологии и медицине,1965-01-01T00:00:00Z,1965,Франция
http://www.wikidata.org/entity/Q231402,Жак Моно,person,http://www.wikidata.org/entity/Q80061,Нобелевская премия по физиологии и медицине,1965-01-01T00:00:00Z,1965,Франция
http://www.wikidata.org/entity/Q218311,Франсуа Жакоб,person,http://www.wikidata.org/entity/Q80061,Нобелевская премия по физиологии и медицине,1965-01-01T00:00:00Z,1965,Франция
http://www.wikidata.org/entity/Q232316,Роберт Бёрнс Вудворд,person,http://www.wikidata.org/entity/Q44585,Нобелевская премия по химии,1965-01-01T00:00:00Z,1965,США
http://www.wikidata.org/entity/Q57074,Нелли Закс,person,http://www.wikidata.org/entity/Q37922,Нобелевская премия по литературе,1966-01-01T00:00:00Z,1966,Швеция
http://www.wikidata.org/entity/Q57074,Нелли Закс,person,http://www.wikidata.org/entity/Q37922,Нобелевская премия по литературе,1966-01-01T00:00:00Z,1966,Германия
http://www.wikidata.org/entity/Q133042,Шмуэль Йосеф Агнон,person,http://www.wikidata.org/entity/Q37922,Нобелевская премия по литературе,1966-01-01T00:00:00Z,1966,Венгрия
http://www.wikidata.org/entity/Q133042,Шмуэль Йосеф Агнон,person,http://www.wikidata.org/entity/Q37922,Нобелевская премия по литературе,1966-01-01T00:00:00Z,1966,Израиль
http://www.wikidata.org/entity/Q133042,Шмуэль Йосеф Агнон,person,http://www.wikidata.org/entity/Q37922,Нобелевская премия по литературе,1966-01-01T00:00:00Z,1966,Веймарская республика
http://www.wikidata.org/entity/Q133042,Шмуэль Йосеф Агнон,person,http://www.wikidata.org/entity/Q37922,Нобелевская премия по литературе,1966-01-01T00:00:00Z,1966,Германская империя
http://www.wikidata.org/entity/Q133042,Шмуэль Йосеф Агнон,person,http://www.wikidata.org/entity/Q37922,Нобелевская премия по литературе,1966-01-01T00:00:00Z,1966,Подмандатная Палестина
http://www.wikidata.org/entity/Q71023,Альфред Кастлер,person,http://www.wikidata.org/entity/Q38104,Нобелевская премия по физике,1966-01-01T00:00:00Z,1966,Франция
http://www.wikidata.org/entity/Q298707,Фрэнсис Пейтон Роус,person,http://www.wikidata.org/entity/Q80061,Нобелевская премия по физиологии и медицине,1966-01-01T00:00:00Z,1966,США
http://www.wikidata.org/entity/Q155371,Чарлз Брентон Хаггинс,person,http://www.wikidata.org/entity/Q80061,Нобелевская премия по физиологии и медицине,1966-01-01T00:00:00Z,1966,Канада
http://www.wikidata.org/entity/Q155371,Чарлз Брентон Хаггинс,person,http://www.wikidata.org/entity/Q80061,Нобелевская премия по физиологии и медицине,1966-01-01T00:00:00Z,1966,США
http://www.wikidata.org/entity/Q233355,Роберт Сандерсон Малликен,person,http://www.wikidata.org/entity/Q44585,Нобелевская премия по химии,1966-01-01T00:00:00Z,1966,США
http://www.wikidata.org/entity/Q75603,Мигель Анхель Астуриас,person,http://www.wikidata.org/entity/Q37922,Нобелевская премия по литературе,1967-01-01T00:00:00Z,1967,Гватемала
http://www.wikidata.org/entity/Q155794,Ханс Бете,person,http://www.wikidata.org/entity/Q38104,Нобелевская премия по физике,1967-01-01T00:00:00Z,1967,США
http://www.wikidata.org/entity/Q155794,Ханс Бете,person,http://www.wikidata.org/entity/Q38104,Нобелевская премия по физике,1967-01-01T00:00:00Z,1967,Германский рейх
http://www.wikidata.org/entity/Q295724,Джордж Уолд,person,http://www.wikidata.org/entity/Q80061,Нобелевская премия по физиологии и медицине,1967-01-01T00:00:00Z,1967,США
http://www.wikidata.org/entity/Q217722,Рагнар Гранит,person,http://www.wikidata.org/entity/Q80061,Нобелевская премия по физиологии и медицине,1967-01-01T00:00:00Z,1967,Финляндия
http://www.wikidata.org/entity/Q217722,Рагнар Гранит,person,http://www.wikidata.org/entity/Q80061,Нобелевская премия по физиологии и медицине,1967-01-01T00:00:00Z,1967,Швеция
http://www.wikidata.org/entity/Q217722,Рагнар Гранит,person,http://www.wikidata.org/entity/Q80061,Нобелевская премия по физиологии и медицине,1967-01-01T00:00:00Z,1967,Великое княжество Финляндское
http://www.wikidata.org/entity/Q309879,Холден Кеффер Хартлайн,person,http://www.wikidata.org/entity/Q80061,Нобелевская премия по физиологии и медицине,1967-01-01T00:00:00Z,1967,США
http://www.wikidata.org/entity/Q106762,Джордж Портер,person,http://www.wikidata.org/entity/Q44585,Нобелевская премия по химии,1967-01-01T00:00:00Z,1967,Великобритания
http://www.wikidata.org/entity/Q76600,Манфред Эйген,person,http://www.wikidata.org/entity/Q44585,Нобелевская премия по химии,1967-01-01T00:00:00Z,1967,Германия
http://www.wikidata.org/entity/Q235834,Роналд Джордж Рейфорд Норриш,person,http://www.wikidata.org/entity/Q44585,Нобелевская премия по химии,1967-01-01T00:00:00Z,1967,Великобритания
http://www.wikidata.org/entity/Q43736,Ясунари Кавабата,person,http://www.wikidata.org/entity/Q37922,Нобелевская премия по литературе,1968-01-01T00:00:00Z,1968,Япония
http://www.wikidata.org/entity/Q178344,Луис Альварес,person,http://www.wikidata.org/entity/Q38104,Нобелевская премия по физике,1968-01-01T00:00:00Z,1968,США
http://www.wikidata.org/entity/Q110060,Маршалл Ниренберг,person,http://www.wikidata.org/entity/Q80061,Нобелевская премия по физиологии и медицине,1968-01-01T00:00:00Z,1968,США
http://www.wikidata.org/entity/Q108891,Роберт Холли,person,http://www.wikidata.org/entity/Q80061,Нобелевская премия по физиологии и медицине,1968-01-01T00:00:00Z,1968,США
http://www.wikidata.org/entity/Q107462,Хар Гобинд Корана,person,http://www.wikidata.org/entity/Q80061,Нобелевская премия по физиологии и медицине,1968-01-01T00:00:00Z,1968,Индийский Союз
http://www.wikidata.org/entity/Q107462,Хар Гобинд Корана,person,http://www.wikidata.org/entity/Q80061,Нобелевская премия по физиологии и медицине,1968-01-01T00:00:00Z,1968,США
http://www.wikidata.org/entity/Q107462,Хар Гобинд Корана,person,http://www.wikidata.org/entity/Q80061,Нобелевская премия по физиологии и медицине,1968-01-01T00:00:00Z,1968,Индия
http://www.wikidata.org/entity/Q107462,Хар Гобинд Корана,person,http://www.wikidata.org/entity/Q80061,Нобелевская премия по физиологии и медицине,1968-01-01T00:00:00Z,1968,Британская Индия
http://www.wikidata.org/entity/Q107405,Ларс Онсагер,person,http://www.wikidata.org/entity/Q44585,Нобелевская премия по химии,1968-01-01T00:00:00Z,1968,Норвегия
http://www.wikidata.org/entity/Q107405,Ларс Онсагер,person,http://www.wikidata.org/entity/Q44585,Нобелевская премия по химии,1968-01-01T00:00:00Z,1968,США
http://www.wikidata.org/entity/Q107405,Ларс Онсагер,person,http://www.wikidata.org/entity/Q44585,Нобелевская премия по химии,1968-01-01T00:00:00Z,1968,Королевство Нидерландов
http://www.wikidata.org/entity/Q37327,Сэмюэл Беккет,person,http://www.wikidata.org/entity/Q37922,Нобелевская премия по литературе,1969-01-01T00:00:00Z,1969,Ирландия
http://www.wikidata.org/entity/Q172840,Марри Гелл-Манн,person,http://www.wikidata.org/entity/Q38104,Нобелевская премия по физике,1969-01-01T00:00:00Z,1969,США
http://www.wikidata.org/entity/Q271703,Алфред Херши,person,http://www.wikidata.org/entity/Q80061,Нобелевская премия по физиологии и медицине,1969-01-01T00:00:00Z,1969,США
http://www.wikidata.org/entity/Q76807,Макс Дельбрюк,person,http://www.wikidata.org/entity/Q80061,Нобелевская премия по физиологии и медицине,1969-01-01T00:00:00Z,1969,США
http://www.wikidata.org/entity/Q76807,Макс Дельбрюк,person,http://www.wikidata.org/entity/Q80061,Нобелевская премия по физиологии и медицине,1969-01-01T00:00:00Z,1969,Германия
http://www.wikidata.org/entity/Q205667,Сальвадор Лурия,person,http://www.wikidata.org/entity/Q80061,Нобелевская премия по физиологии и медицине,1969-01-01T00:00:00Z,1969,США
http://www.wikidata.org/entity/Q205667,Сальвадор Лурия,person,http://www.wikidata.org/entity/Q80061,Нобелевская премия по физиологии и медицине,1969-01-01T00:00:00Z,1969,Италия
http://www.wikidata.org/entity/Q205667,Сальвадор Лурия,person,http://www.wikidata.org/entity/Q80061,Нобелевская премия по физиологии и медицине,1969-01-01T00:00:00Z,1969,Королевство Италия
http://www.wikidata.org/entity/Q102419,Дерек Бартон,person,http://www.wikidata.org/entity/Q44585,Нобелевская премия по химии,1969-01-01T00:00:00Z,1969,Великобритания
http://www.wikidata.org/entity/Q157212,Одд Хассель,person,http://www.wikidata.org/entity/Q44585,Нобелевская премия по химии,1969-01-01T00:00:00Z,1969,Норвегия
http://www.wikidata.org/entity/Q187988,Рагнар Фриш,person,http://www.wikidata.org/entity/Q47170,Премия по экономике памяти Альфреда Нобеля,1969-01-01T00:00:00Z,1969,Норвегия
http://www.wikidata.org/entity/Q183181,Ян Тинберген,person,http://www.wikidata.org/entity/Q47170,Премия по экономике памяти Альфреда Нобеля,1969-01-01T00:00:00Z,1969,Королевство Нидерландов
http://www.wikidata.org/entity/Q34474,Александр Исаевич Солженицын,person,http://www.wikidata.org/entity/Q37922,Нобелевская премия по литературе,1970-01-01T00:00:00Z,1970,Россия
http://www.wikidata.org/entity/Q34474,Александр Исаевич Солженицын,person,http://www.wikidata.org/entity/Q37922,Нобелевская премия по литературе,1970-01-01T00:00:00Z,1970,СССР
http://www.wikidata.org/entity/Q34474,Александр Исаевич Солженицын,person,http://www.wikidata.org/entity/Q37922,Нобелевская премия по литературе,1970-01-01T00:00:00Z,1970,апатрид
http://www.wikidata.org/entity/Q34474,Александр Исаевич Солженицын,person,http://www.wikidata.org/entity/Q37922,Нобелевская премия по литературе,1970-01-01T00:00:00Z,1970,РСФСР
http://www.wikidata.org/entity/Q155781,Луи Эжен Феликс Неэль,person,http://www.wikidata.org/entity/Q38104,Нобелевская премия по физике,1970-01-01T00:00:00Z,1970,Франция
http://www.wikidata.org/entity/Q54945,Ханнес Альфвен,person,http://www.wikidata.org/entity/Q38104,Нобелевская премия по физике,1970-01-01T00:00:00Z,1970,Швеция
http://www.wikidata.org/entity/Q4517,Бернард Кац,person,http://www.wikidata.org/entity/Q80061,Нобелевская премия по физиологии и медицине,1970-01-01T00:00:00Z,1970,Великобритания
http://www.wikidata.org/entity/Q4517,Бернард Кац,person,http://www.wikidata.org/entity/Q80061,Нобелевская премия по физиологии и медицине,1970-01-01T00:00:00Z,1970,Германия
http://www.wikidata.org/entity/Q4517,Бернард Кац,person,http://www.wikidata.org/entity/Q80061,Нобелевская премия по физиологии и медицине,1970-01-01T00:00:00Z,1970,Соединённое королевство Великобритании и Ирландии
http://www.wikidata.org/entity/Q110106,Джулиус Аксельрод,person,http://www.wikidata.org/entity/Q80061,Нобелевская премия по физиологии и медицине,1970-01-01T00:00:00Z,1970,США
http://www.wikidata.org/entity/Q110106,Джулиус Аксельрод,person,http://www.wikidata.org/entity/Q80061,Нобелевская премия по физиологии и медицине,1970-01-01T00:00:00Z,1970,Польша
http://www.wikidata.org/entity/Q237142,Ульф фон Эйлер,person,http://www.wikidata.org/entity/Q80061,Нобелевская премия по физиологии и медицине,1970-01-01T00:00:00Z,1970,Швеция
http://www.wikidata.org/entity/Q233985,Луис Федерико Лелуар,person,http://www.wikidata.org/entity/Q44585,Нобелевская премия по химии,1970-01-01T00:00:00Z,1970,Франция
http://www.wikidata.org/entity/Q233985,Луис Федерико Лелуар,person,http://www.wikidata.org/entity/Q44585,Нобелевская премия по химии,1970-01-01T00:00:00Z,1970,Аргентина
http://www.wikidata.org/entity/Q102454,Пол Энтони Самуэльсон,person,http://www.wikidata.org/entity/Q47170,Премия по экономике памяти Альфреда Нобеля,1970-01-01T00:00:00Z,1970,США
http://www.wikidata.org/entity/Q34189,Пабло Неруда,person,http://www.wikidata.org/entity/Q37922,Нобелевская премия по литературе,1971-01-01T00:00:00Z,1971,Чили
http://www.wikidata.org/entity/Q155786,Денеш Габор,person,http://www.wikidata.org/entity/Q38104,Нобелевская премия по физике,1971-01-01T00:00:00Z,1971,Венгрия
http://www.wikidata.org/entity/Q155786,Денеш Габор,person,http://www.wikidata.org/entity/Q38104,Нобелевская премия по физике,1971-01-01T00:00:00Z,1971,Великобритания
http://www.wikidata.org/entity/Q68118,Эрл Сазерленд,person,http://www.wikidata.org/entity/Q80061,Нобелевская премия по физиологии и медицине,1971-01-01T00:00:00Z,1971,США
http://www.wikidata.org/entity/Q76602,Герхард Херцберг,person,http://www.wikidata.org/entity/Q44585,Нобелевская премия по химии,1971-01-01T00:00:00Z,1971,Канада
http://www.wikidata.org/entity/Q76602,Герхард Херцберг,person,http://www.wikidata.org/entity/Q44585,Нобелевская премия по химии,1971-01-01T00:00:00Z,1971,Германия
http://www.wikidata.org/entity/Q76602,Герхард Херцберг,person,http://www.wikidata.org/entity/Q44585,Нобелевская премия по химии,1971-01-01T00:00:00Z,1971,Нацистская Германия
http://www.wikidata.org/entity/Q192577,Саймон Смит Кузнец,person,http://www.wikidata.org/entity/Q47170,Премия по экономике памяти Альфреда Нобеля,1971-01-01T00:00:00Z,1971,США
http://www.wikidata.org/entity/Q192577,Саймон Смит Кузнец,person,http://www.wikidata.org/entity/Q47170,Премия по экономике памяти Альфреда Нобеля,1971-01-01T00:00:00Z,1971,Российская империя
http://www.wikidata.org/entity/Q42747,Генрих Бёлль,person,http://www.wikidata.org/entity/Q37922,Нобелевская премия по литературе,1972-01-01T00:00:00Z,1972,Германия
http://www.wikidata.org/entity/Q949,Джон Бардин,person,http://www.wikidata.org/entity/Q38104,Нобелевская премия по физике,1972-01-01T00:00:00Z,1972,США
http://www.wikidata.org/entity/Q153201,Джон Роберт Шриффер,person,http://www.wikidata.org/entity/Q38104,Нобелевская премия по физике,1972-01-01T00:00:00Z,1972,США
http://www.wikidata.org/entity/Q82563,Леон Купер,person,http://www.wikidata.org/entity/Q38104,Нобелевская премия по физике,1972-01-01T00:00:00Z,1972,США
http://www.wikidata.org/entity/Q271766,Джералд Эдельман,person,http://www.wikidata.org/entity/Q80061,Нобелевская премия по физиологии и медицине,1972-01-01T00:00:00Z,1972,США
http://www.wikidata.org/entity/Q295700,Родни Портер,person,http://www.wikidata.org/entity/Q80061,Нобелевская премия по физиологии и медицине,1972-01-01T00:00:00Z,1972,Великобритания
http://www.wikidata.org/entity/Q102278,Кристиан Бемер Анфинсен,person,http://www.wikidata.org/entity/Q44585,Нобелевская премия по химии,1972-01-01T00:00:00Z,1972,США
http://www.wikidata.org/entity/Q110952,Станфорд Мур,person,http://www.wikidata.org/entity/Q44585,Нобелевская премия по химии,1972-01-01T00:00:00Z,1972,США
http://www.wikidata.org/entity/Q156492,Уильям Говард Стайн,person,http://www.wikidata.org/entity/Q44585,Нобелевская премия по химии,1972-01-01T00:00:00Z,1972,США
http://www.wikidata.org/entity/Q184862,Джон Ричард Хикс,person,http://www.wikidata.org/entity/Q47170,Премия по экономике памяти Альфреда Нобеля,1972-01-01T00:00:00Z,1972,Великобритания
http://www.wikidata.org/entity/Q184862,Джон Ричард Хикс,person,http://www.wikidata.org/entity/Q47170,Премия по экономике памяти Альфреда Нобеля,1972-01-01T00:00:00Z,1972,Соединённое королевство Великобритании и Ирландии
http://www.wikidata.org/entity/Q192592,Кеннет Эрроу,person,http://www.wikidata.org/entity/Q47170,Премия по экономике памяти Альфреда Нобеля,1972-01-01T00:00:00Z,1972,США
http://www.wikidata.org/entity/Q129187,Патрик Уайт,person,http://www.wikidata.org/entity/Q37922,Нобелевская премия по литературе,1973-01-01T00:00:00Z,1973,Австралия
http://www.wikidata.org/entity/Q192688,Айвор Джайевер,person,http://www.wikidata.org/entity/Q38104,Нобелевская премия по физике,1973-01-01T00:00:00Z,1973,Норвегия
http://www.wikidata.org/entity/Q192688,Айвор Джайевер,person,http://www.wikidata.org/entity/Q38104,Нобелевская премия по физике,1973-01-01T00:00:00Z,1973,США
http://www.wikidata.org/entity/Q181363,Брайан Дэвид Джозефсон,person,http://www.wikidata.org/entity/Q38104,Нобелевская премия по физике,1973-01-01T00:00:00Z,1973,Великобритания
http://www.wikidata.org/entity/Q179852,Лео Эсаки,person,http://www.wikidata.org/entity/Q38104,Нобелевская премия по физике,1973-01-01T00:00:00Z,1973,Япония
http://www.wikidata.org/entity/Q60060,Карл фон Фриш,person,http://www.wikidata.org/entity/Q80061,Нобелевская премия по физиологии и медицине,1973-01-01T00:00:00Z,1973,Австрия
http://www.wikidata.org/entity/Q78496,Конрад Лоренц,person,http://www.wikidata.org/entity/Q80061,Нобелевская премия по физиологии и медицине,1973-01-01T00:00:00Z,1973,Австрия
http://www.wikidata.org/entity/Q153890,Николас Тинберген,person,http://www.wikidata.org/entity/Q80061,Нобелевская премия по физиологии и медицине,1973-01-01T00:00:00Z,1973,Великобритания
http://www.wikidata.org/entity/Q153890,Николас Тинберген,person,http://www.wikidata.org/entity/Q80061,Нобелевская премия по физиологии и медицине,1973-01-01T00:00:00Z,1973,Королевство Нидерландов
http://www.wikidata.org/entity/Q274128,Джефри Уилкинсон,person,http://www.wikidata.org/entity/Q44585,Нобелевская премия по химии,1973-01-01T00:00:00Z,1973,Великобритания
http://www.wikidata.org/entity/Q44594,Эрнст Отто Фишер,person,http://www.wikidata.org/entity/Q44585,Нобелевская премия по химии,1973-01-01T00:00:00Z,1973,Германия
http://www.wikidata.org/entity/Q44061,Василий Леонтьев,person,http://www.wikidata.org/entity/Q47170,Премия по экономике памяти Альфреда Нобеля,1973-01-01T00:00:00Z,1973,США
http://www.wikidata.org/entity/Q44061,Василий Леонтьев,person,http://www.wikidata.org/entity/Q47170,Премия по экономике памяти Альфреда Нобеля,1973-01-01T00:00:00Z,1973,Российская империя
http://www.wikidata.org/entity/Q132695,Харри Мартинсон,person,http://www.wikidata.org/entity/Q37922,Нобелевская премия по литературе,1974-01-01T00:00:00Z,1974,Швеция
http://www.wikidata.org/entity/Q131326,Эйвинд Юнсон,person,http://www.wikidata.org/entity/Q37922,Нобелевская премия по литературе,1974-01-01T00:00:00Z,1974,Швеция
http://www.wikidata.org/entity/Q190766,Мартин Райл,person,http://www.wikidata.org/entity/Q38104,Нобелевская премия по физике,1974-01-01T00:00:00Z,1974,Великобритания
http://www.wikidata.org/entity/Q189990,Энтони Хьюиш,person,http://www.wikidata.org/entity/Q38104,Нобелевская премия по физике,1974-01-01T00:00:00Z,1974,Великобритания
http://www.wikidata.org/entity/Q233943,Альбер Клод,person,http://www.wikidata.org/entity/Q80061,Нобелевская премия по физиологии и медицине,1974-01-01T00:00:00Z,1974,США
http://www.wikidata.org/entity/Q233943,Альбер Клод,person,http://www.wikidata.org/entity/Q80061,Нобелевская премия по физиологии и медицине,1974-01-01T00:00:00Z,1974,Бельгия
http://www.wikidata.org/entity/Q219718,Джордж Паладе,person,http://www.wikidata.org/entity/Q80061,Нобелевская премия по физиологии и медицине,1974-01-01T00:00:00Z,1974,США
http://www.wikidata.org/entity/Q219718,Джордж Паладе,person,http://www.wikidata.org/entity/Q80061,Нобелевская премия по физиологии и медицине,1974-01-01T00:00:00Z,1974,Румыния
http://www.wikidata.org/entity/Q234590,Кристиан де Дюв,person,http://www.wikidata.org/entity/Q80061,Нобелевская премия по физиологии и медицине,1974-01-01T00:00:00Z,1974,Бельгия
http://www.wikidata.org/entity/Q176351,Пол Джон Флори,person,http://www.wikidata.org/entity/Q44585,Нобелевская премия по химии,1974-01-01T00:00:00Z,1974,США
http://www.wikidata.org/entity/Q152452,Гуннар Мюрдаль,person,http://www.wikidata.org/entity/Q47170,Премия по экономике памяти Альфреда Нобеля,1974-01-01T00:00:00Z,1974,Швеция
http://www.wikidata.org/entity/Q1325,Фридрих Август фон Хайек,person,http://www.wikidata.org/entity/Q47170,Премия по экономике памяти Альфреда Нобеля,1974-01-01T00:00:00Z,1974,Австрия
http://www.wikidata.org/entity/Q1325,Фридрих Август фон Хайек,person,http://www.wikidata.org/entity/Q47170,Премия по экономике памяти Альфреда Нобеля,1974-01-01T00:00:00Z,1974,Великобритания
http://www.wikidata.org/entity/Q83174,Эудженио Монтале,person,http://www.wikidata.org/entity/Q37922,Нобелевская премия по литературе,1975-01-01T00:00:00Z,1975,Италия
http://www.wikidata.org/entity/Q83174,Эудженио Монтале,person,http://www.wikidata.org/entity/Q37922,Нобелевская премия по литературе,1975-01-01T00:00:00Z,1975,Королевство Италия
http://www.wikidata.org/entity/Q107423,Бен Рой Моттельсон,person,http://www.wikidata.org/entity/Q38104,Нобелевская премия по физике,1975-01-01T00:00:00Z,1975,США
http://www.wikidata.org/entity/Q107423,Бен Рой Моттельсон,person,http://www.wikidata.org/entity/Q38104,Нобелевская премия по физике,1975-01-01T00:00:00Z,1975,Датское королевство
http://www.wikidata.org/entity/Q190745,Лео Джеймс Рейнуотер,person,http://www.wikidata.org/entity/Q38104,Нобелевская премия по физике,1975-01-01T00:00:00Z,1975,США
http://www.wikidata.org/entity/Q103854,Оге Нильс Бор,person,http://www.wikidata.org/entity/Q38104,Нобелевская премия по физике,1975-01-01T00:00:00Z,1975,Датское королевство
http://www.wikidata.org/entity/Q234949,Дейвид Балтимор,person,http://www.wikidata.org/entity/Q80061,Нобелевская премия по физиологии и медицине,1975-01-01T00:00:00Z,1975,США
http://www.wikidata.org/entity/Q109553,Ренато Дульбекко,person,http://www.wikidata.org/entity/Q80061,Нобелевская премия по физиологии и медицине,1975-01-01T00:00:00Z,1975,США
http://www.wikidata.org/entity/Q109553,Ренато Дульбекко,person,http://www.wikidata.org/entity/Q80061,Нобелевская премия по физиологии и медицине,1975-01-01T00:00:00Z,1975,Италия
http://www.wikidata.org/entity/Q109553,Ренато Дульбекко,person,http://www.wikidata.org/entity/Q80061,Нобелевская премия по физиологии и медицине,1975-01-01T00:00:00Z,1975,Королевство Италия
http://www.wikidata.org/entity/Q243536,Хауард Темин,person,http://www.wikidata.org/entity/Q80061,Нобелевская премия по физиологии и медицине,1975-01-01T00:00:00Z,1975,США
http://www.wikidata.org/entity/Q83501,Владимир Прелог,person,http://www.wikidata.org/entity/Q44585,Нобелевская премия по химии,1975-01-01T00:00:00Z,1975,Швейцария
http://www.wikidata.org/entity/Q83501,Владимир Прелог,person,http://www.wikidata.org/entity/Q44585,Нобелевская премия по химии,1975-01-01T00:00:00Z,1975,Австро-Венгрия
http://www.wikidata.org/entity/Q83501,Владимир Прелог,person,http://www.wikidata.org/entity/Q44585,Нобелевская премия по химии,1975-01-01T00:00:00Z,1975,Королевство Югославия
http://www.wikidata.org/entity/Q135154,Джон Уоркап Корнфорт,person,http://www.wikidata.org/entity/Q44585,Нобелевская премия по химии,1975-01-01T00:00:00Z,1975,Австралия
http://www.wikidata.org/entity/Q107441,Леонид Витальевич Канторович,person,http://www.wikidata.org/entity/Q47170,Премия по экономике памяти Альфреда Нобеля,1975-01-01T00:00:00Z,1975,СССР
http://www.wikidata.org/entity/Q110968,Тьяллинг Купманс,person,http://www.wikidata.org/entity/Q47170,Премия по экономике памяти Альфреда Нобеля,1975-01-01T00:00:00Z,1975,США
http://www.wikidata.org/entity/Q110968,Тьяллинг Купманс,person,http://www.wikidata.org/entity/Q47170,Премия по экономике памяти Альфреда Нобеля,1975-01-01T00:00:00Z,1975,Королевство Нидерландов
http://www.wikidata.org/entity/Q83059,Сол Беллоу,person,http://www.wikidata.org/entity/Q37922,Нобелевская премия по литературе,1976-01-01T00:00:00Z,1976,США
http://www.wikidata.org/entity/Q192106,Бертон Рихтер,person,http://www.wikidata.org/entity/Q38104,Нобелевская премия по физике,1976-01-01T00:00:00Z,1976,США
http://www.wikidata.org/entity/Q192715,Сэмюэл Тинг,person,http://www.wikidata.org/entity/Q38104,Нобелевская премия по физике,1976-01-01T00:00:00Z,1976,США
http://www.wikidata.org/entity/Q105830,Барух Бламберг,person,http://www.wikidata.org/entity/Q80061,Нобелевская премия по физиологии и медицине,1976-01-01T00:00:00Z,1976,США
http://www.wikidata.org/entity/Q108576,Даниел Карлтон Гайдузек,person,http://www.wikidata.org/entity/Q80061,Нобелевская премия по физиологии и медицине,1976-01-01T00:00:00Z,1976,США
http://www.wikidata.org/entity/Q110935,Уильям Нанн Липскомб,person,http://www.wikidata.org/entity/Q44585,Нобелевская премия по химии,1976-01-01T00:00:00Z,1976,США
http://www.wikidata.org/entity/Q47426,Милтон Фридман,person,http://www.wikidata.org/entity/Q47170,Премия по экономике памяти Альфреда Нобеля,1976-01-01T00:00:00Z,1976,США
http://www.wikidata.org/entity/Q134644,Висенте Алейсандре,person,http://www.wikidata.org/entity/Q37922,Нобелевская премия по литературе,1977-01-01T00:00:00Z,1977,Испания
http://www.wikidata.org/entity/Q193655,Джон Хазбрук Ван Флек,person,http://www.wikidata.org/entity/Q38104,Нобелевская премия по физике,1977-01-01T00:00:00Z,1977,США
http://www.wikidata.org/entity/Q189485,Невилл Фрэнсис Мотт,person,http://www.wikidata.org/entity/Q38104,Нобелевская премия по физике,1977-01-01T00:00:00Z,1977,Великобритания
http://www.wikidata.org/entity/Q190770,Филип Уоррен Андерсон,person,http://www.wikidata.org/entity/Q38104,Нобелевская премия по физике,1977-01-01T00:00:00Z,1977,США
http://www.wikidata.org/entity/Q242169,Роже Гиймен,person,http://www.wikidata.org/entity/Q80061,Нобелевская премия по физиологии и медицине,1977-01-01T00:00:00Z,1977,США
http://www.wikidata.org/entity/Q242169,Роже Гиймен,person,http://www.wikidata.org/entity/Q80061,Нобелевская премия по физиологии и медицине,1977-01-01T00:00:00Z,1977,Франция
http://www.wikidata.org/entity/Q107402,Розалин Сасмен Ялоу,person,http://www.wikidata.org/entity/Q80061,Нобелевская премия по физиологии и медицине,1977-01-01T00:00:00Z,1977,США
http://www.wikidata.org/entity/Q141147,Эндрю Шалли,person,http://www.wikidata.org/entity/Q80061,Нобелевская премия по физиологии и медицине,1977-01-01T00:00:00Z,1977,США
http://www.wikidata.org/entity/Q141147,Эндрю Шалли,person,http://www.wikidata.org/entity/Q80061,Нобелевская премия по физиологии и медицине,1977-01-01T00:00:00Z,1977,Польская Республика
http://www.wikidata.org/entity/Q183509,"Пригожин, Илья Романович",person,http://www.wikidata.org/entity/Q44585,Нобелевская премия по химии,1977-01-01T00:00:00Z,1977,Бельгия
http://www.wikidata.org/entity/Q183509,"Пригожин, Илья Романович",person,http://www.wikidata.org/entity/Q44585,Нобелевская премия по химии,1977-01-01T00:00:00Z,1977,Российская империя
http://www.wikidata.org/entity/Q179493,Бертиль Олин,person,http://www.wikidata.org/entity/Q47170,Премия по экономике памяти Альфреда Нобеля,1977-01-01T00:00:00Z,1977,Швеция
http://www.wikidata.org/entity/Q235843,Джеймс Мид,person,http://www.wikidata.org/entity/Q47170,Премия по экономике памяти Альфреда Нобеля,1977-01-01T00:00:00Z,1977,Великобритания
http://www.wikidata.org/entity/Q75612,Исаак Башевис Зингер,person,http://www.wikidata.org/entity/Q37922,Нобелевская премия по литературе,1978-01-01T00:00:00Z,1978,США
http://www.wikidata.org/entity/Q75612,Исаак Башевис Зингер,person,http://www.wikidata.org/entity/Q37922,Нобелевская премия по литературе,1978-01-01T00:00:00Z,1978,Польша
http://www.wikidata.org/entity/Q75612,Исаак Башевис Зингер,person,http://www.wikidata.org/entity/Q37922,Нобелевская премия по литературе,1978-01-01T00:00:00Z,1978,Российская империя
http://www.wikidata.org/entity/Q172877,Арно Аллан Пензиас,person,http://www.wikidata.org/entity/Q38104,Нобелевская премия по физике,1978-01-01T00:00:00Z,1978,США
http://www.wikidata.org/entity/Q172877,Арно Аллан Пензиас,person,http://www.wikidata.org/entity/Q38104,Нобелевская премия по физике,1978-01-01T00:00:00Z,1978,Германия
http://www.wikidata.org/entity/Q172877,Арно Аллан Пензиас,person,http://www.wikidata.org/entity/Q38104,Нобелевская премия по физике,1978-01-01T00:00:00Z,1978,апатрид
http://www.wikidata.org/entity/Q172844,Пётр Леонидович Капица,person,http://www.wikidata.org/entity/Q38104,Нобелевская премия по физике,1978-01-01T00:00:00Z,1978,СССР
http://www.wikidata.org/entity/Q172844,Пётр Леонидович Капица,person,http://www.wikidata.org/entity/Q38104,Нобелевская премия по физике,1978-01-01T00:00:00Z,1978,Российская империя
http://www.wikidata.org/entity/Q172844,Пётр Леонидович Капица,person,http://www.wikidata.org/entity/Q38104,Нобелевская премия по физике,1978-01-01T00:00:00Z,1978,РСФСР
http://www.wikidata.org/entity/Q171034,Роберт Вудро Вильсон,person,http://www.wikidata.org/entity/Q38104,Нобелевская премия по физике,1978-01-01T00:00:00Z,1978,США
http://www.wikidata.org/entity/Q115495,Вернер Арбер,person,http://www.wikidata.org/entity/Q80061,Нобелевская премия по физиологии и медицине,1978-01-01T00:00:00Z,1978,Швейцария
http://www.wikidata.org/entity/Q295706,Даниел Натанс,person,http://www.wikidata.org/entity/Q80061,Нобелевская премия по физиологии и медицине,1978-01-01T00:00:00Z,1978,США
http://www.wikidata.org/entity/Q108896,Хамилтон Смит,person,http://www.wikidata.org/entity/Q80061,Нобелевская премия по физиологии и медицине,1978-01-01T00:00:00Z,1978,США
http://www.wikidata.org/entity/Q207992,Питер Деннис Митчелл,person,http://www.wikidata.org/entity/Q44585,Нобелевская премия по химии,1978-01-01T00:00:00Z,1978,Великобритания
http://www.wikidata.org/entity/Q181529,Герберт Саймон,person,http://www.wikidata.org/entity/Q47170,Премия по экономике памяти Альфреда Нобеля,1978-01-01T00:00:00Z,1978,США
http://www.wikidata.org/entity/Q160478,Одисеас Элитис,person,http://www.wikidata.org/entity/Q37922,Нобелевская премия по литературе,1979-01-01T00:00:00Z,1979,Греция
http://www.wikidata.org/entity/Q28189,Абдус Салам,person,http://www.wikidata.org/entity/Q38104,Нобелевская премия по физике,1979-01-01T00:00:00Z,1979,Пакистан
http://www.wikidata.org/entity/Q28189,Абдус Салам,person,http://www.wikidata.org/entity/Q38104,Нобелевская премия по физике,1979-01-01T00:00:00Z,1979,Британская Индия
http://www.wikidata.org/entity/Q179282,Стивен Вайнберг,person,http://www.wikidata.org/entity/Q38104,Нобелевская премия по физике,1979-01-01T00:00:00Z,1979,США
http://www.wikidata.org/entity/Q107420,Шелдон Ли Глэшоу,person,http://www.wikidata.org/entity/Q38104,Нобелевская премия по физике,1979-01-01T00:00:00Z,1979,США
http://www.wikidata.org/entity/Q223542,Аллан Кормак,person,http://www.wikidata.org/entity/Q80061,Нобелевская премия по физиологии и медицине,1979-01-01T00:00:00Z,1979,США
http://www.wikidata.org/entity/Q223542,Аллан Кормак,person,http://www.wikidata.org/entity/Q80061,Нобелевская премия по физиологии и медицине,1979-01-01T00:00:00Z,1979,ЮАР
http://www.wikidata.org/entity/Q273769,Годфри Хаунсфилд,person,http://www.wikidata.org/entity/Q80061,Нобелевская премия по физиологии и медицине,1979-01-01T00:00:00Z,1979,Великобритания
http://www.wikidata.org/entity/Q273769,Годфри Хаунсфилд,person,http://www.wikidata.org/entity/Q80061,Нобелевская премия по физиологии и медицине,1979-01-01T00:00:00Z,1979,Соединённое королевство Великобритании и Ирландии
http://www.wikidata.org/entity/Q77171,Георг Виттиг,person,http://www.wikidata.org/entity/Q44585,Нобелевская премия по химии,1979-01-01T00:00:00Z,1979,Германия
http://www.wikidata.org/entity/Q102406,Герберт Чарлз Браун,person,http://www.wikidata.org/entity/Q44585,Нобелевская премия по химии,1979-01-01T00:00:00Z,1979,США
http://www.wikidata.org/entity/Q102406,Герберт Чарлз Браун,person,http://www.wikidata.org/entity/Q44585,Нобелевская премия по химии,1979-01-01T00:00:00Z,1979,Великобритания
http://www.wikidata.org/entity/Q272519,Артур Льюис,person,http://www.wikidata.org/entity/Q47170,Премия по экономике памяти Альфреда Нобеля,1979-01-01T00:00:00Z,1979,Великобритания
http://www.wikidata.org/entity/Q272519,Артур Льюис,person,http://www.wikidata.org/entity/Q47170,Премия по экономике памяти Альфреда Нобеля,1979-01-01T00:00:00Z,1979,Сент-Люсия
http://www.wikidata.org/entity/Q233947,Теодор Уильям Шульц,person,http://www.wikidata.org/entity/Q47170,Премия по экономике памяти Альфреда Нобеля,1979-01-01T00:00:00Z,1979,США
http://www.wikidata.org/entity/Q45970,Чеслав Милош,person,http://www.wikidata.org/entity/Q37922,Нобелевская премия по литературе,1980-01-01T00:00:00Z,1980,США
http://www.wikidata.org/entity/Q45970,Чеслав Милош,person,http://www.wikidata.org/entity/Q37922,Нобелевская премия по литературе,1980-01-01T00:00:00Z,1980,Польша
http://www.wikidata.org/entity/Q45970,Чеслав Милош,person,http://www.wikidata.org/entity/Q37922,Нобелевская премия по литературе,1980-01-01T00:00:00Z,1980,Литва
http://www.wikidata.org/entity/Q206499,Вал Логсдон Фитч,person,http://www.wikidata.org/entity/Q38104,Нобелевская премия по физике,1980-01-01T00:00:00Z,1980,США
http://www.wikidata.org/entity/Q193496,Джеймс Уотсон Кронин,person,http://www.wikidata.org/entity/Q38104,Нобелевская премия по физике,1980-01-01T00:00:00Z,1980,США
http://www.wikidata.org/entity/Q234701,Барух Бенасерраф,person,http://www.wikidata.org/entity/Q80061,Нобелевская премия по физиологии и медицине,1980-01-01T00:00:00Z,1980,США
http://www.wikidata.org/entity/Q234701,Барух Бенасерраф,person,http://www.wikidata.org/entity/Q80061,Нобелевская премия по физиологии и медицине,1980-01-01T00:00:00Z,1980,Венесуэла
http://www.wikidata.org/entity/Q295666,Джордж Снелл,person,http://www.wikidata.org/entity/Q80061,Нобелевская премия по физиологии и медицине,1980-01-01T00:00:00Z,1980,США
http://www.wikidata.org/entity/Q152760,Жан Доссе,person,http://www.wikidata.org/entity/Q80061,Нобелевская премия по физиологии и медицине,1980-01-01T00:00:00Z,1980,Франция
http://www.wikidata.org/entity/Q102379,Пол Берг,person,http://www.wikidata.org/entity/Q44585,Нобелевская премия по химии,1980-01-01T00:00:00Z,1980,США
http://www.wikidata.org/entity/Q217486,Уолтер Гилберт,person,http://www.wikidata.org/entity/Q44585,Нобелевская премия по химии,1980-01-01T00:00:00Z,1980,США
http://www.wikidata.org/entity/Q151564,Фредерик Сенгер,person,http://www.wikidata.org/entity/Q44585,Нобелевская премия по химии,1980-01-01T00:00:00Z,1980,Великобритания
http://www.wikidata.org/entity/Q151564,Фредерик Сенгер,person,http://www.wikidata.org/entity/Q44585,Нобелевская премия по химии,1980-01-01T00:00:00Z,1980,Соединённое королевство Великобритании и Ирландии
http://www.wikidata.org/entity/Q295761,Лоуренс Клейн,person,http://www.wikidata.org/entity/Q47170,Премия по экономике памяти Альфреда Нобеля,1980-01-01T00:00:00Z,1980,США
http://www.wikidata.org/entity/Q80064,Элиас Канетти,person,http://www.wikidata.org/entity/Q37922,Нобелевская премия по литературе,1981-01-01T00:00:00Z,1981,Великобритания
http://www.wikidata.org/entity/Q80064,Элиас Канетти,person,http://www.wikidata.org/entity/Q37922,Нобелевская премия по литературе,1981-01-01T00:00:00Z,1981,Болгария
http://www.wikidata.org/entity/Q190503,Артур Леонард Шавлов,person,http://www.wikidata.org/entity/Q38104,Нобелевская премия по физике,1981-01-01T00:00:00Z,1981,США
http://www.wikidata.org/entity/Q192712,Кай Манне Бёрье Сигбан,person,http://www.wikidata.org/entity/Q38104,Нобелевская премия по физике,1981-01-01T00:00:00Z,1981,Швеция
http://www.wikidata.org/entity/Q189987,Николас Бломберген,person,http://www.wikidata.org/entity/Q38104,Нобелевская премия по физике,1981-01-01T00:00:00Z,1981,США
http://www.wikidata.org/entity/Q189987,Николас Бломберген,person,http://www.wikidata.org/entity/Q38104,Нобелевская премия по физике,1981-01-01T00:00:00Z,1981,Королевство Нидерландов
http://www.wikidata.org/entity/Q295644,Дэвид Хьюбел,person,http://www.wikidata.org/entity/Q80061,Нобелевская премия по физиологии и медицине,1981-01-01T00:00:00Z,1981,Канада
http://www.wikidata.org/entity/Q295644,Дэвид Хьюбел,person,http://www.wikidata.org/entity/Q80061,Нобелевская премия по физиологии и медицине,1981-01-01T00:00:00Z,1981,США
http://www.wikidata.org/entity/Q232305,Роджер Сперри,person,http://www.wikidata.org/entity/Q80061,Нобелевская премия по физиологии и медицине,1981-01-01T00:00:00Z,1981,США
http://www.wikidata.org/entity/Q271421,Торстен Визель,person,http://www.wikidata.org/entity/Q80061,Нобелевская премия по физиологии и медицине,1981-01-01T00:00:00Z,1981,США
http://www.wikidata.org/entity/Q271421,Торстен Визель,person,http://www.wikidata.org/entity/Q80061,Нобелевская премия по физиологии и медицине,1981-01-01T00:00:00Z,1981,Швеция
http://www.wikidata.org/entity/Q217734,Кэнъити Фукуи,person,http://www.wikidata.org/entity/Q44585,Нобелевская премия по химии,1981-01-01T00:00:00Z,1981,Япония
http://www.wikidata.org/entity/Q217734,Кэнъити Фукуи,person,http://www.wikidata.org/entity/Q44585,Нобелевская премия по химии,1981-01-01T00:00:00Z,1981,Японская империя
http://www.wikidata.org/entity/Q273279,Роалд Хофман,person,http://www.wikidata.org/entity/Q44585,Нобелевская премия по химии,1981-01-01T00:00:00Z,1981,США
http://www.wikidata.org/entity/Q273279,Роалд Хофман,person,http://www.wikidata.org/entity/Q44585,Нобелевская премия по химии,1981-01-01T00:00:00Z,1981,Польская Республика
http://www.wikidata.org/entity/Q211776,Джеймс Тобин,person,http://www.wikidata.org/entity/Q47170,Премия по экономике памяти Альфреда Нобеля,1981-01-01T00:00:00Z,1981,США
http://www.wikidata.org/entity/Q5878,Габриель Гарсиа Маркес,person,http://www.wikidata.org/entity/Q37922,Нобелевская премия по литературе,1982-01-01T00:00:00Z,1982,Колумбия
http://www.wikidata.org/entity/Q193503,Кеннет Вильсон,person,http://www.wikidata.org/entity/Q38104,Нобелевская премия по физике,1982-01-01T00:00:00Z,1982,США
http://www.wikidata.org/entity/Q295768,Бенгт Самуэльсон,person,http://www.wikidata.org/entity/Q80061,Нобелевская премия по физиологии и медицине,1982-01-01T00:00:00Z,1982,Швеция
http://www.wikidata.org/entity/Q309971,Джон Вейн,person,http://www.wikidata.org/entity/Q80061,Нобелевская премия по физиологии и медицине,1982-01-01T00:00:00Z,1982,Великобритания
http://www.wikidata.org/entity/Q295696,Суне Бергстрём,person,http://www.wikidata.org/entity/Q80061,Нобелевская премия по физиологии и медицине,1982-01-01T00:00:00Z,1982,Швеция
http://www.wikidata.org/entity/Q190626,Аарон Клуг,person,http://www.wikidata.org/entity/Q44585,Нобелевская премия по химии,1982-01-01T00:00:00Z,1982,Великобритания
http://www.wikidata.org/entity/Q243534,Джордж Стиглер,person,http://www.wikidata.org/entity/Q47170,Премия по экономике памяти Альфреда Нобеля,1982-01-01T00:00:00Z,1982,США
http://www.wikidata.org/entity/Q44183,Уильям Голдинг,person,http://www.wikidata.org/entity/Q37922,Нобелевская премия по литературе,1983-01-01T00:00:00Z,1983,Великобритания
http://www.wikidata.org/entity/Q148109,Субраманьян Чандрасекар,person,http://www.wikidata.org/entity/Q38104,Нобелевская премия по физике,1983-01-01T00:00:00Z,1983,США
http://www.wikidata.org/entity/Q148109,Субраманьян Чандрасекар,person,http://www.wikidata.org/entity/Q38104,Нобелевская премия по физике,1983-01-01T00:00:00Z,1983,Индия
http://www.wikidata.org/entity/Q148109,Субраманьян Чандрасекар,person,http://www.wikidata.org/entity/Q38104,Нобелевская премия по физике,1983-01-01T00:00:00Z,1983,Британская Индия
http://www.wikidata.org/entity/Q46120,Уильям Алфред Фаулер,person,http://www.wikidata.org/entity/Q38104,Нобелевская премия по физике,1983-01-01T00:00:00Z,1983,США
http://www.wikidata.org/entity/Q199654,Барбара Мак-Клинток,person,http://www.wikidata.org/entity/Q80061,Нобелевская премия по физиологии и медицине,1983-01-01T00:00:00Z,1983,США
http://www.wikidata.org/entity/Q235983,Генри Таубе,person,http://www.wikidata.org/entity/Q44585,Нобелевская премия по химии,1983-01-01T00:00:00Z,1983,США
http://www.wikidata.org/entity/Q210960,Жерар Дебрё,person,http://www.wikidata.org/entity/Q47170,Премия по экономике памяти Альфреда Нобеля,1983-01-01T00:00:00Z,1983,США
http://www.wikidata.org/entity/Q210960,Жерар Дебрё,person,http://www.wikidata.org/entity/Q47170,Премия по экономике памяти Альфреда Нобеля,1983-01-01T00:00:00Z,1983,Франция
http://www.wikidata.org/entity/Q102483,Ярослав Сейферт,person,http://www.wikidata.org/entity/Q37922,Нобелевская премия по литературе,1984-01-01T00:00:00Z,1984,Чехословакия
http://www.wikidata.org/entity/Q187199,Карло Руббиа,person,http://www.wikidata.org/entity/Q38104,Нобелевская премия по физике,1984-01-01T00:00:00Z,1984,Италия
http://www.wikidata.org/entity/Q104779,Симон ван дер Мер,person,http://www.wikidata.org/entity/Q38104,Нобелевская премия по физике,1984-01-01T00:00:00Z,1984,Королевство Нидерландов
http://www.wikidata.org/entity/Q77160,Жорж Кёлер,person,http://www.wikidata.org/entity/Q80061,Нобелевская премия по физиологии и медицине,1984-01-01T00:00:00Z,1984,Германия
http://www.wikidata.org/entity/Q309876,Нильс Ерне,person,http://www.wikidata.org/entity/Q80061,Нобелевская премия по физиологии и медицине,1984-01-01T00:00:00Z,1984,Датское королевство
http://www.wikidata.org/entity/Q155525,Сезар Мильштейн,person,http://www.wikidata.org/entity/Q80061,Нобелевская премия по физиологии и медицине,1984-01-01T00:00:00Z,1984,Великобритания
http://www.wikidata.org/entity/Q155525,Сезар Мильштейн,person,http://www.wikidata.org/entity/Q80061,Нобелевская премия по физиологии и медицине,1984-01-01T00:00:00Z,1984,Аргентина
http://www.wikidata.org/entity/Q224153,Роберт Брюс Меррифилд,person,http://www.wikidata.org/entity/Q44585,Нобелевская премия по химии,1984-01-01T00:00:00Z,1984,США
http://www.wikidata.org/entity/Q219733,Ричард Стоун,person,http://www.wikidata.org/entity/Q47170,Премия по экономике памяти Альфреда Нобеля,1984-01-01T00:00:00Z,1984,Великобритания
http://www.wikidata.org/entity/Q131549,Клод Симон,person,http://www.wikidata.org/entity/Q37922,Нобелевская премия по литературе,1985-01-01T00:00:00Z,1985,Франция
http://www.wikidata.org/entity/Q71024,Клаус фон Клитцинг,person,http://www.wikidata.org/entity/Q38104,Нобелевская премия по физике,1985-01-01T00:00:00Z,1985,Германия
http://www.wikidata.org/entity/Q271424,Джозеф Леонард Голдштейн,person,http://www.wikidata.org/entity/Q80061,Нобелевская премия по физиологии и медицине,1985-01-01T00:00:00Z,1985,США
http://www.wikidata.org/entity/Q295684,Майкл Стюарт Браун,person,http://www.wikidata.org/entity/Q80061,Нобелевская премия по физиологии и медицине,1985-01-01T00:00:00Z,1985,США
http://www.wikidata.org/entity/Q106733,Джером Карле,person,http://www.wikidata.org/entity/Q44585,Нобелевская премия по химии,1985-01-01T00:00:00Z,1985,США
http://www.wikidata.org/entity/Q107422,Херберт Аарон Хауптман,person,http://www.wikidata.org/entity/Q44585,Нобелевская премия по химии,1985-01-01T00:00:00Z,1985,США
http://www.wikidata.org/entity/Q205850,Франко Модильяни,person,http://www.wikidata.org/entity/Q47170,Премия по экономике памяти Альфреда Нобеля,1985-01-01T00:00:00Z,1985,США
http://www.wikidata.org/entity/Q205850,Франко Модильяни,person,http://www.wikidata.org/entity/Q47170,Премия по экономике памяти Альфреда Нобеля,1985-01-01T00:00:00Z,1985,Италия
http://www.wikidata.org/entity/Q205850,Франко Модильяни,person,http://www.wikidata.org/entity/Q47170,Премия по экономике памяти Альфреда Нобеля,1985-01-01T00:00:00Z,1985,Королевство Италия
http://www.wikidata.org/entity/Q41488,Воле Шойинка,person,http://www.wikidata.org/entity/Q37922,Нобелевская премия по литературе,1986-01-01T00:00:00Z,1986,Нигерия
http://www.wikidata.org/entity/Q123029,Генрих Рорер,person,http://www.wikidata.org/entity/Q38104,Нобелевская премия по физике,1986-01-01T00:00:00Z,1986,Швейцария
http://www.wikidata.org/entity/Q76766,Герд Карл Бинниг,person,http://www.wikidata.org/entity/Q38104,Нобелевская премия по физике,1986-01-01T00:00:00Z,1986,Германия
http://www.wikidata.org/entity/Q76766,Герд Карл Бинниг,person,http://www.wikidata.org/entity/Q38104,Нобелевская премия по физике,1986-01-01T00:00:00Z,1986,Германия в 1945—1949 годах
http://www.wikidata.org/entity/Q71022,Эрнст Август Руска,person,http://www.wikidata.org/entity/Q38104,Нобелевская премия по физике,1986-01-01T00:00:00Z,1986,Германия
http://www.wikidata.org/entity/Q71022,Эрнст Август Руска,person,http://www.wikidata.org/entity/Q38104,Нобелевская премия по физике,1986-01-01T00:00:00Z,1986,Нацистская Германия
http://www.wikidata.org/entity/Q71022,Эрнст Август Руска,person,http://www.wikidata.org/entity/Q38104,Нобелевская премия по физике,1986-01-01T00:00:00Z,1986,Веймарская республика
http://www.wikidata.org/entity/Q71022,Эрнст Август Руска,person,http://www.wikidata.org/entity/Q38104,Нобелевская премия по физике,1986-01-01T00:00:00Z,1986,Германская империя
http://www.wikidata.org/entity/Q71022,Эрнст Август Руска,person,http://www.wikidata.org/entity/Q38104,Нобелевская премия по физике,1986-01-01T00:00:00Z,1986,Германия в 1945—1949 годах
http://www.wikidata.org/entity/Q185007,Рита Леви-Монтальчини,person,http://www.wikidata.org/entity/Q80061,Нобелевская премия по физиологии и медицине,1986-01-01T00:00:00Z,1986,США
http://www.wikidata.org/entity/Q185007,Рита Леви-Монтальчини,person,http://www.wikidata.org/entity/Q80061,Нобелевская премия по физиологии и медицине,1986-01-01T00:00:00Z,1986,Италия
http://www.wikidata.org/entity/Q185007,Рита Леви-Монтальчини,person,http://www.wikidata.org/entity/Q80061,Нобелевская премия по физиологии и медицине,1986-01-01T00:00:00Z,1986,Королевство Италия
http://www.wikidata.org/entity/Q232299,Стэнли Коэн,person,http://www.wikidata.org/entity/Q80061,Нобелевская премия по физиологии и медицине,1986-01-01T00:00:00Z,1986,США
http://www.wikidata.org/entity/Q243196,Дадли Роберт Хершбах,person,http://www.wikidata.org/entity/Q44585,Нобелевская премия по химии,1986-01-01T00:00:00Z,1986,США
http://www.wikidata.org/entity/Q237825,Джон Чарлз Полани,person,http://www.wikidata.org/entity/Q44585,Нобелевская премия по химии,1986-01-01T00:00:00Z,1986,Канада
http://www.wikidata.org/entity/Q237825,Джон Чарлз Полани,person,http://www.wikidata.org/entity/Q44585,Нобелевская премия по химии,1986-01-01T00:00:00Z,1986,Германия
http://www.wikidata.org/entity/Q243190,Ли Юаньчжэ,person,http://www.wikidata.org/entity/Q44585,Нобелевская премия по химии,1986-01-01T00:00:00Z,1986,США
http://www.wikidata.org/entity/Q243190,Ли Юаньчжэ,person,http://www.wikidata.org/entity/Q44585,Нобелевская премия по химии,1986-01-01T00:00:00Z,1986,Китайская Республика (Тайвань)
http://www.wikidata.org/entity/Q243190,Ли Юаньчжэ,person,http://www.wikidata.org/entity/Q44585,Нобелевская премия по химии,1986-01-01T00:00:00Z,1986,Японская империя
http://www.wikidata.org/entity/Q205353,Джеймс Макгилл Бьюкенен,person,http://www.wikidata.org/entity/Q47170,Премия по экономике памяти Альфреда Нобеля,1986-01-01T00:00:00Z,1986,США
http://www.wikidata.org/entity/Q862,Иосиф Александрович Бродский,person,http://www.wikidata.org/entity/Q37922,Нобелевская премия по литературе,1987-01-01T00:00:00Z,1987,США
http://www.wikidata.org/entity/Q862,Иосиф Александрович Бродский,person,http://www.wikidata.org/entity/Q37922,Нобелевская премия по литературе,1987-01-01T00:00:00Z,1987,СССР
http://www.wikidata.org/entity/Q862,Иосиф Александрович Бродский,person,http://www.wikidata.org/entity/Q37922,Нобелевская премия по литературе,1987-01-01T00:00:00Z,1987,апатрид
http://www.wikidata.org/entity/Q76687,Йоханнес Георг Беднорц,person,http://www.wikidata.org/entity/Q38104,Нобелевская премия по физике,1987-01-01T00:00:00Z,1987,Германия
http://www.wikidata.org/entity/Q122298,Карл Александр Мюллер,person,http://www.wikidata.org/entity/Q38104,Нобелевская премия по физике,1987-01-01T00:00:00Z,1987,Швейцария
http://www.wikidata.org/entity/Q108602,Судзуми Тонегава,person,http://www.wikidata.org/entity/Q80061,Нобелевская премия по физиологии и медицине,1987-01-01T00:00:00Z,1987,Япония
http://www.wikidata.org/entity/Q135151,Дональд Джеймс Крам,person,http://www.wikidata.org/entity/Q44585,Нобелевская премия по химии,1987-01-01T00:00:00Z,1987,США
http://www.wikidata.org/entity/Q107690,Жан-Мари Лен,person,http://www.wikidata.org/entity/Q44585,Нобелевская премия по химии,1987-01-01T00:00:00Z,1987,Франция
http://www.wikidata.org/entity/Q244998,Чарлз Педерсен,person,http://www.wikidata.org/entity/Q44585,Нобелевская премия по химии,1987-01-01T00:00:00Z,1987,Япония
http://www.wikidata.org/entity/Q244998,Чарлз Педерсен,person,http://www.wikidata.org/entity/Q44585,Нобелевская премия по химии,1987-01-01T00:00:00Z,1987,США
http://www.wikidata.org/entity/Q157268,Роберт Солоу,person,http://www.wikidata.org/entity/Q47170,Премия по экономике памяти Альфреда Нобеля,1987-01-01T00:00:00Z,1987,США
http://www.wikidata.org/entity/Q7176,Нагиб Махфуз,person,http://www.wikidata.org/entity/Q37922,Нобелевская премия по литературе,1988-01-01T00:00:00Z,1988,Египет
http://www.wikidata.org/entity/Q7176,Нагиб Махфуз,person,http://www.wikidata.org/entity/Q37922,Нобелевская премия по литературе,1988-01-01T00:00:00Z,1988,Королевство Египет
http://www.wikidata.org/entity/Q7176,Нагиб Махфуз,person,http://www.wikidata.org/entity/Q37922,Нобелевская премия по литературе,1988-01-01T00:00:00Z,1988,Египетский хедиват
http://www.wikidata.org/entity/Q7176,Нагиб Махфуз,person,http://www.wikidata.org/entity/Q37922,Нобелевская премия по литературе,1988-01-01T00:00:00Z,1988,Объединённая Арабская Республика
http://www.wikidata.org/entity/Q7176,Нагиб Махфуз,person,http://www.wikidata.org/entity/Q37922,Нобелевская премия по литературе,1988-01-01T00:00:00Z,1988,Египетский султанат
http://www.wikidata.org/entity/Q7176,Нагиб Махфуз,person,http://www.wikidata.org/entity/Q37922,Нобелевская премия по литературе,1988-01-01T00:00:00Z,1988,Республика Египет
http://www.wikidata.org/entity/Q153210,Джек Стейнбергер,person,http://www.wikidata.org/entity/Q38104,Нобелевская премия по физике,1988-01-01T00:00:00Z,1988,США
http://www.wikidata.org/entity/Q153210,Джек Стейнбергер,person,http://www.wikidata.org/entity/Q38104,Нобелевская премия по физике,1988-01-01T00:00:00Z,1988,Швейцария
http://www.wikidata.org/entity/Q153210,Джек Стейнбергер,person,http://www.wikidata.org/entity/Q38104,Нобелевская премия по физике,1988-01-01T00:00:00Z,1988,Германия
http://www.wikidata.org/entity/Q192695,Леон Макс Ледерман,person,http://www.wikidata.org/entity/Q38104,Нобелевская премия по физике,1988-01-01T00:00:00Z,1988,США
http://www.wikidata.org/entity/Q189741,Мелвин Шварц,person,http://www.wikidata.org/entity/Q38104,Нобелевская премия по физике,1988-01-01T00:00:00Z,1988,США
http://www.wikidata.org/entity/Q35703,Гертруда Элайон,person,http://www.wikidata.org/entity/Q80061,Нобелевская премия по физиологии и медицине,1988-01-01T00:00:00Z,1988,США
http://www.wikidata.org/entity/Q110974,Джеймс Блэк,person,http://www.wikidata.org/entity/Q80061,Нобелевская премия по физиологии и медицине,1988-01-01T00:00:00Z,1988,Великобритания
http://www.wikidata.org/entity/Q310487,Джордж Хитчингс,person,http://www.wikidata.org/entity/Q80061,Нобелевская премия по физиологии и медицине,1988-01-01T00:00:00Z,1988,США
http://www.wikidata.org/entity/Q76612,Иоганн Дайзенхофер,person,http://www.wikidata.org/entity/Q44585,Нобелевская премия по химии,1988-01-01T00:00:00Z,1988,США
http://www.wikidata.org/entity/Q76612,Иоганн Дайзенхофер,person,http://www.wikidata.org/entity/Q44585,Нобелевская премия по химии,1988-01-01T00:00:00Z,1988,Германия
http://www.wikidata.org/entity/Q76623,Роберт Хубер,person,http://www.wikidata.org/entity/Q44585,Нобелевская премия по химии,1988-01-01T00:00:00Z,1988,Германия
http://www.wikidata.org/entity/Q77086,Хартмут Михель,person,http://www.wikidata.org/entity/Q44585,Нобелевская премия по химии,1988-01-01T00:00:00Z,1988,Германия
http://www.wikidata.org/entity/Q77086,Хартмут Михель,person,http://www.wikidata.org/entity/Q44585,Нобелевская премия по химии,1988-01-01T00:00:00Z,1988,ФРГ
http://www.wikidata.org/entity/Q105962,Морис Алле,person,http://www.wikidata.org/entity/Q47170,Премия по экономике памяти Альфреда Нобеля,1988-01-01T00:00:00Z,1988,Франция
http://www.wikidata.org/entity/Q132589,Камило Хосе Села,person,http://www.wikidata.org/entity/Q37922,Нобелевская премия по литературе,1989-01-01T00:00:00Z,1989,Испания
http://www.wikidata.org/entity/Q57227,Вольфганг Пауль,person,http://www.wikidata.org/entity/Q38104,Нобелевская премия по физике,1989-01-01T00:00:00Z,1989,Германия
http://www.wikidata.org/entity/Q107419,Норман Фостер Рамзей,person,http://www.wikidata.org/entity/Q38104,Нобелевская премия по физике,1989-01-01T00:00:00Z,1989,США
http://www.wikidata.org/entity/Q70532,Ханс Джордж Демелт,person,http://www.wikidata.org/entity/Q38104,Нобелевская премия по физике,1989-01-01T00:00:00Z,1989,США
http://www.wikidata.org/entity/Q70532,Ханс Джордж Демелт,person,http://www.wikidata.org/entity/Q38104,Нобелевская премия по физике,1989-01-01T00:00:00Z,1989,Германия
http://www.wikidata.org/entity/Q311358,Джон Майкл Бишоп,person,http://www.wikidata.org/entity/Q80061,Нобелевская премия по физиологии и медицине,1989-01-01T00:00:00Z,1989,США
http://www.wikidata.org/entity/Q295691,Харолд Вармус,person,http://www.wikidata.org/entity/Q80061,Нобелевская премия по физиологии и медицине,1989-01-01T00:00:00Z,1989,США
http://www.wikidata.org/entity/Q102266,Сидни Олтмен,person,http://www.wikidata.org/entity/Q44585,Нобелевская премия по химии,1989-01-01T00:00:00Z,1989,Канада
http://www.wikidata.org/entity/Q102266,Сидни Олтмен,person,http://www.wikidata.org/entity/Q44585,Нобелевская премия по химии,1989-01-01T00:00:00Z,1989,США
http://www.wikidata.org/entity/Q135180,Томас Роберт Чек,person,http://www.wikidata.org/entity/Q44585,Нобелевская премия по химии,1989-01-01T00:00:00Z,1989,США
http://www.wikidata.org/entity/Q208124,Трюгве Ховельмо,person,http://www.wikidata.org/entity/Q47170,Премия по экономике памяти Альфреда Нобеля,1989-01-01T00:00:00Z,1989,Норвегия
http://www.wikidata.org/entity/Q46739,Октавио Пас,person,http://www.wikidata.org/entity/Q37922,Нобелевская премия по литературе,1990-01-01T00:00:00Z,1990,Вторая испанская республика
http://www.wikidata.org/entity/Q46739,Октавио Пас,person,http://www.wikidata.org/entity/Q37922,Нобелевская премия по литературе,1990-01-01T00:00:00Z,1990,Nasdas
http://www.wikidata.org/entity/Q190495,Генри Уэй Кендалл,person,http://www.wikidata.org/entity/Q38104,Нобелевская премия по физике,1990-01-01T00:00:00Z,1990,США
http://www.wikidata.org/entity/Q187822,Джером Айзек Фридман,person,http://www.wikidata.org/entity/Q38104,Нобелевская премия по физике,1990-01-01T00:00:00Z,1990,США
http://www.wikidata.org/entity/Q201470,Ричард Эдвард Тейлор,person,http://www.wikidata.org/entity/Q38104,Нобелевская премия по физике,1990-01-01T00:00:00Z,1990,Канада
http://www.wikidata.org/entity/Q192282,Джозеф Мюррей,person,http://www.wikidata.org/entity/Q80061,Нобелевская премия по физиологии и медицине,1990-01-01T00:00:00Z,1990,США
http://www.wikidata.org/entity/Q310485,Эдвард Донналл Томас,person,http://www.wikidata.org/entity/Q80061,Нобелевская премия по физиологии и медицине,1990-01-01T00:00:00Z,1990,США
http://www.wikidata.org/entity/Q135171,Элайас Джеймс Кори,person,http://www.wikidata.org/entity/Q44585,Нобелевская премия по химии,1990-01-01T00:00:00Z,1990,США
http://www.wikidata.org/entity/Q272508,Гарри Марковиц,person,http://www.wikidata.org/entity/Q47170,Премия по экономике памяти Альфреда Нобеля,1990-01-01T00:00:00Z,1990,США
http://www.wikidata.org/entity/Q157255,Мертон Миллер,person,http://www.wikidata.org/entity/Q47170,Премия по экономике памяти Альфреда Нобеля,1990-01-01T00:00:00Z,1990,США
http://www.wikidata.org/entity/Q274111,Уильям Шарп,person,http://www.wikidata.org/entity/Q47170,Премия по экономике памяти Альфреда Нобеля,1990-01-01T00:00:00Z,1990,США
http://www.wikidata.org/entity/Q47619,Надин Гордимер,person,http://www.wikidata.org/entity/Q37922,Нобелевская премия по литературе,1991-01-01T00:00:00Z,1991,ЮАР
http://www.wikidata.org/entity/Q187224,Пьер Жиль де Жен,person,http://www.wikidata.org/entity/Q38104,Нобелевская премия по физике,1991-01-01T00:00:00Z,1991,Франция
http://www.wikidata.org/entity/Q77081,Берт Закман,person,http://www.wikidata.org/entity/Q80061,Нобелевская премия по физиологии и медицине,1991-01-01T00:00:00Z,1991,Германия
http://www.wikidata.org/entity/Q77081,Берт Закман,person,http://www.wikidata.org/entity/Q80061,Нобелевская премия по физиологии и медицине,1991-01-01T00:00:00Z,1991,Нацистская Германия
http://www.wikidata.org/entity/Q77126,Эрвин Неэр,person,http://www.wikidata.org/entity/Q80061,Нобелевская премия по физиологии и медицине,1991-01-01T00:00:00Z,1991,Германия
http://www.wikidata.org/entity/Q77126,Эрвин Неэр,person,http://www.wikidata.org/entity/Q80061,Нобелевская премия по физиологии и медицине,1991-01-01T00:00:00Z,1991,Нацистская Германия
http://www.wikidata.org/entity/Q122272,Рихард Эрнст,person,http://www.wikidata.org/entity/Q44585,Нобелевская премия по химии,1991-01-01T00:00:00Z,1991,Швейцария
http://www.wikidata.org/entity/Q188113,Рональд Коуз,person,http://www.wikidata.org/entity/Q47170,Премия по экономике памяти Альфреда Нобеля,1991-01-01T00:00:00Z,1991,Великобритания
http://www.wikidata.org/entity/Q188113,Рональд Коуз,person,http://www.wikidata.org/entity/Q47170,Премия по экономике памяти Альфреда Нобеля,1991-01-01T00:00:00Z,1991,Соединённое королевство Великобритании и Ирландии
http://www.wikidata.org/entity/Q132701,Дерек Уолкотт,person,http://www.wikidata.org/entity/Q37922,Нобелевская премия по литературе,1992-01-01T00:00:00Z,1992,Сент-Люсия
http://www.wikidata.org/entity/Q153178,Жорж Шарпак,person,http://www.wikidata.org/entity/Q38104,Нобелевская премия по физике,1992-01-01T00:00:00Z,1992,Польша
http://www.wikidata.org/entity/Q153178,Жорж Шарпак,person,http://www.wikidata.org/entity/Q38104,Нобелевская премия по физике,1992-01-01T00:00:00Z,1992,Франция
http://www.wikidata.org/entity/Q109731,Эдвин Кребс,person,http://www.wikidata.org/entity/Q80061,Нобелевская премия по физиологии и медицине,1992-01-01T00:00:00Z,1992,США
http://www.wikidata.org/entity/Q109726,Эдмонд Фишер,person,http://www.wikidata.org/entity/Q80061,Нобелевская премия по физиологии и медицине,1992-01-01T00:00:00Z,1992,США
http://www.wikidata.org/entity/Q109726,Эдмонд Фишер,person,http://www.wikidata.org/entity/Q80061,Нобелевская премия по физиологии и медицине,1992-01-01T00:00:00Z,1992,Италия
http://www.wikidata.org/entity/Q109726,Эдмонд Фишер,person,http://www.wikidata.org/entity/Q80061,Нобелевская премия по физиологии и медицине,1992-01-01T00:00:00Z,1992,Швейцария
http://www.wikidata.org/entity/Q239067,Рудольф Артур Маркус,person,http://www.wikidata.org/entity/Q44585,Нобелевская премия по химии,1992-01-01T00:00:00Z,1992,Канада
http://www.wikidata.org/entity/Q239067,Рудольф Артур Маркус,person,http://www.wikidata.org/entity/Q44585,Нобелевская премия по химии,1992-01-01T00:00:00Z,1992,США
http://www.wikidata.org/entity/Q191020,Гэри Беккер,person,http://www.wikidata.org/entity/Q47170,Премия по экономике памяти Альфреда Нобеля,1992-01-01T00:00:00Z,1992,США
http://www.wikidata.org/entity/Q72334,Тони Моррисон,person,http://www.wikidata.org/entity/Q37922,Нобелевская премия по литературе,1993-01-01T00:00:00Z,1993,США
http://www.wikidata.org/entity/Q192685,Джозеф Хотон Тейлор,person,http://www.wikidata.org/entity/Q38104,Нобелевская премия по физике,1993-01-01T00:00:00Z,1993,США
http://www.wikidata.org/entity/Q156286,Рассел Алан Халс,person,http://www.wikidata.org/entity/Q38104,Нобелевская премия по физике,1993-01-01T00:00:00Z,1993,США
http://www.wikidata.org/entity/Q309816,Ричард Робертс,person,http://www.wikidata.org/entity/Q80061,Нобелевская премия по физиологии и медицине,1993-01-01T00:00:00Z,1993,Великобритания
http://www.wikidata.org/entity/Q312977,Филлип Шарп,person,http://www.wikidata.org/entity/Q80061,Нобелевская премия по физиологии и медицине,1993-01-01T00:00:00Z,1993,США
http://www.wikidata.org/entity/Q157224,Кэри Муллис,person,http://www.wikidata.org/entity/Q44585,Нобелевская премия по химии,1993-01-01T00:00:00Z,1993,США
http://www.wikidata.org/entity/Q232289,Майкл Смит,person,http://www.wikidata.org/entity/Q44585,Нобелевская премия по химии,1993-01-01T00:00:00Z,1993,Канада
http://www.wikidata.org/entity/Q243193,Дуглас Норт,person,http://www.wikidata.org/entity/Q47170,Премия по экономике памяти Альфреда Нобеля,1993-01-01T00:00:00Z,1993,США
http://www.wikidata.org/entity/Q237821,Роберт Фогель,person,http://www.wikidata.org/entity/Q47170,Премия по экономике памяти Альфреда Нобеля,1993-01-01T00:00:00Z,1993,США
http://www.wikidata.org/entity/Q80095,Кэндзабуро Оэ,person,http://www.wikidata.org/entity/Q37922,Нобелевская премия по литературе,1994-01-01T00:00:00Z,1994,Япония
http://www.wikidata.org/entity/Q80095,Кэндзабуро Оэ,person,http://www.wikidata.org/entity/Q37922,Нобелевская премия по литературе,1994-01-01T00:00:00Z,1994,Японская империя
http://www.wikidata.org/entity/Q192689,Бертрам Брокхауз,person,http://www.wikidata.org/entity/Q38104,Нобелевская премия по физике,1994-01-01T00:00:00Z,1994,Канада
http://www.wikidata.org/entity/Q201506,Клиффорд Шалл,person,http://www.wikidata.org/entity/Q38104,Нобелевская премия по физике,1994-01-01T00:00:00Z,1994,США
http://www.wikidata.org/entity/Q296423,Альфред Гилман,person,http://www.wikidata.org/entity/Q80061,Нобелевская премия по физиологии и медицине,1994-01-01T00:00:00Z,1994,США
http://www.wikidata.org/entity/Q60031,Мартин Родбелл,person,http://www.wikidata.org/entity/Q80061,Нобелевская премия по физиологии и медицине,1994-01-01T00:00:00Z,1994,США
http://www.wikidata.org/entity/Q192603,Джордж Ола,person,http://www.wikidata.org/entity/Q44585,Нобелевская премия по химии,1994-01-01T00:00:00Z,1994,Венгрия
http://www.wikidata.org/entity/Q192603,Джордж Ола,person,http://www.wikidata.org/entity/Q44585,Нобелевская премия по химии,1994-01-01T00:00:00Z,1994,США
http://www.wikidata.org/entity/Q128736,Джон Форбс Нэш,person,http://www.wikidata.org/entity/Q47170,Премия по экономике памяти Альфреда Нобеля,1994-01-01T00:00:00Z,1994,США
http://www.wikidata.org/entity/Q272510,Джон Харсаньи,person,http://www.wikidata.org/entity/Q47170,Премия по экономике памяти Альфреда Нобеля,1994-01-01T00:00:00Z,1994,Венгрия
http://www.wikidata.org/entity/Q272510,Джон Харсаньи,person,http://www.wikidata.org/entity/Q47170,Премия по экономике памяти Альфреда Нобеля,1994-01-01T00:00:00Z,1994,США
http://www.wikidata.org/entity/Q12830,Рейнхард Зельтен,person,http://www.wikidata.org/entity/Q47170,Премия по экономике памяти Альфреда Нобеля,1994-01-01T00:00:00Z,1994,Германия
http://www.wikidata.org/entity/Q93356,Шеймас Хини,person,http://www.wikidata.org/entity/Q37922,Нобелевская премия по литературе,1995-01-01T00:00:00Z,1995,Ирландия
http://www.wikidata.org/entity/Q107416,Мартин Льюис Перл,person,http://www.wikidata.org/entity/Q38104,Нобелевская премия по физике,1995-01-01T00:00:00Z,1995,США
http://www.wikidata.org/entity/Q191922,Фредерик Райнес,person,http://www.wikidata.org/entity/Q38104,Нобелевская премия по физике,1995-01-01T00:00:00Z,1995,США
http://www.wikidata.org/entity/Q77174,Христиана Нюслайн-Фольхард,person,http://www.wikidata.org/entity/Q80061,Нобелевская премия по физиологии и медицине,1995-01-01T00:00:00Z,1995,Германия
http://www.wikidata.org/entity/Q274123,Эдвард Льюис,person,http://www.wikidata.org/entity/Q80061,Нобелевская премия по физиологии и медицине,1995-01-01T00:00:00Z,1995,США
http://www.wikidata.org/entity/Q301438,Эрик Вишаус,person,http://www.wikidata.org/entity/Q80061,Нобелевская премия по физиологии и медицине,1995-01-01T00:00:00Z,1995,США
http://www.wikidata.org/entity/Q19045,Марио Молина,person,http://www.wikidata.org/entity/Q44585,Нобелевская премия по химии,1995-01-01T00:00:00Z,1995,США
http://www.wikidata.org/entity/Q19045,Марио Молина,person,http://www.wikidata.org/entity/Q44585,Нобелевская премия по химии,1995-01-01T00:00:00Z,1995,Мексика
http://www.wikidata.org/entity/Q135139,Пауль Крутцен,person,http://www.wikidata.org/entity/Q44585,Нобелевская премия по химии,1995-01-01T00:00:00Z,1995,Германия
http://www.wikidata.org/entity/Q135139,Пауль Крутцен,person,http://www.wikidata.org/entity/Q44585,Нобелевская премия по химии,1995-01-01T00:00:00Z,1995,Королевство Нидерландов
http://www.wikidata.org/entity/Q111190,Шервуд Роуленд,person,http://www.wikidata.org/entity/Q44585,Нобелевская премия по химии,1995-01-01T00:00:00Z,1995,США
http://www.wikidata.org/entity/Q107264,Роберт Лукас,person,http://www.wikidata.org/entity/Q47170,Премия по экономике памяти Альфреда Нобеля,1995-01-01T00:00:00Z,1995,США
http://www.wikidata.org/entity/Q42552,Вислава Шимборская,person,http://www.wikidata.org/entity/Q37922,Нобелевская премия по литературе,1996-01-01T00:00:00Z,1996,Польша
http://www.wikidata.org/entity/Q201853,Дейвид Моррис Ли,person,http://www.wikidata.org/entity/Q38104,Нобелевская премия по физике,1996-01-01T00:00:00Z,1996,США
http://www.wikidata.org/entity/Q206405,Дуглас Ошеров,person,http://www.wikidata.org/entity/Q38104,Нобелевская премия по физике,1996-01-01T00:00:00Z,1996,США
http://www.wikidata.org/entity/Q192708,Роберт Колман Ричардсон,person,http://www.wikidata.org/entity/Q38104,Нобелевская премия по физике,1996-01-01T00:00:00Z,1996,США
http://www.wikidata.org/entity/Q309814,Питер Дохерти,person,http://www.wikidata.org/entity/Q80061,Нобелевская премия по физиологии и медицине,1996-01-01T00:00:00Z,1996,Австралия
http://www.wikidata.org/entity/Q116064,Рольф Цинкернагель,person,http://www.wikidata.org/entity/Q80061,Нобелевская премия по физиологии и медицине,1996-01-01T00:00:00Z,1996,Швейцария
http://www.wikidata.org/entity/Q106746,Ричард Смолли,person,http://www.wikidata.org/entity/Q44585,Нобелевская премия по химии,1996-01-01T00:00:00Z,1996,США
http://www.wikidata.org/entity/Q110930,Роберт Кёрл,person,http://www.wikidata.org/entity/Q44585,Нобелевская премия по химии,1996-01-01T00:00:00Z,1996,США
http://www.wikidata.org/entity/Q157250,Харольд Крото,person,http://www.wikidata.org/entity/Q44585,Нобелевская премия по химии,1996-01-01T00:00:00Z,1996,Великобритания
http://www.wikidata.org/entity/Q176643,Джеймс Миррлис,person,http://www.wikidata.org/entity/Q47170,Премия по экономике памяти Альфреда Нобеля,1996-01-01T00:00:00Z,1996,Великобритания
http://www.wikidata.org/entity/Q295673,Уильям Викри,person,http://www.wikidata.org/entity/Q47170,Премия по экономике памяти Альфреда Нобеля,1996-01-01T00:00:00Z,1996,Канада
http://www.wikidata.org/entity/Q295673,Уильям Викри,person,http://www.wikidata.org/entity/Q47170,Премия по экономике памяти Альфреда Нобеля,1996-01-01T00:00:00Z,1996,США
http://www.wikidata.org/entity/Q765,Дарио Фо,person,http://www.wikidata.org/entity/Q37922,Нобелевская премия по литературе,1997-01-01T00:00:00Z,1997,Италия
http://www.wikidata.org/entity/Q765,Дарио Фо,person,http://www.wikidata.org/entity/Q37922,Нобелевская премия по литературе,1997-01-01T00:00:00Z,1997,Королевство Италия
http://www.wikidata.org/entity/Q190697,Клод Коэн-Таннуджи,person,http://www.wikidata.org/entity/Q38104,Нобелевская премия по физике,1997-01-01T00:00:00Z,1997,Франция
http://www.wikidata.org/entity/Q172466,Стивен Чу,person,http://www.wikidata.org/entity/Q38104,Нобелевская премия по физике,1997-01-01T00:00:00Z,1997,США
http://www.wikidata.org/entity/Q190756,Уильям Филлипс,person,http://www.wikidata.org/entity/Q38104,Нобелевская премия по физике,1997-01-01T00:00:00Z,1997,США
http://www.wikidata.org/entity/Q155380,Стенли Прузинер,person,http://www.wikidata.org/entity/Q80061,Нобелевская премия по физиологии и медицине,1997-01-01T00:00:00Z,1997,США
http://www.wikidata.org/entity/Q235184,Джон Эрнст Уокер,person,http://www.wikidata.org/entity/Q44585,Нобелевская премия по химии,1997-01-01T00:00:00Z,1997,Великобритания
http://www.wikidata.org/entity/Q1687170,Енс Кристиан Скоу,person,http://www.wikidata.org/entity/Q44585,Нобелевская премия по химии,1997-01-01T00:00:00Z,1997,Датское королевство
http://www.wikidata.org/entity/Q102395,Пол Бойер,person,http://www.wikidata.org/entity/Q44585,Нобелевская премия по химии,1997-01-01T00:00:00Z,1997,США
http://www.wikidata.org/entity/Q295647,Майрон Шоулз,person,http://www.wikidata.org/entity/Q47170,Премия по экономике памяти Альфреда Нобеля,1997-01-01T00:00:00Z,1997,Канада
http://www.wikidata.org/entity/Q287542,Роберт Кархарт Мертон,person,http://www.wikidata.org/entity/Q47170,Премия по экономике памяти Альфреда Нобеля,1997-01-01T00:00:00Z,1997,США
http://www.wikidata.org/entity/Q37060,Жозе Сарамаго,person,http://www.wikidata.org/entity/Q37922,Нобелевская премия по литературе,1998-01-01T00:00:00Z,1998,Португалия
http://www.wikidata.org/entity/Q202138,Даниел Цуи,person,http://www.wikidata.org/entity/Q38104,Нобелевская премия по физике,1998-01-01T00:00:00Z,1998,США
http://www.wikidata.org/entity/Q189997,Роберт Лафлин,person,http://www.wikidata.org/entity/Q38104,Нобелевская премия по физике,1998-01-01T00:00:00Z,1998,США
http://www.wikidata.org/entity/Q71015,Хорст Штёрмер,person,http://www.wikidata.org/entity/Q38104,Нобелевская премия по физике,1998-01-01T00:00:00Z,1998,Германия
http://www.wikidata.org/entity/Q309820,Луис Игнарро,person,http://www.wikidata.org/entity/Q80061,Нобелевская премия по физиологии и медицине,1998-01-01T00:00:00Z,1998,США
http://www.wikidata.org/entity/Q108880,Роберт Ферчготт,person,http://www.wikidata.org/entity/Q80061,Нобелевская премия по физиологии и медицине,1998-01-01T00:00:00Z,1998,США
http://www.wikidata.org/entity/Q295999,Ферид Мурад,person,http://www.wikidata.org/entity/Q80061,Нобелевская премия по физиологии и медицине,1998-01-01T00:00:00Z,1998,США
http://www.wikidata.org/entity/Q78510,Вальтер Кон,person,http://www.wikidata.org/entity/Q44585,Нобелевская премия по химии,1998-01-01T00:00:00Z,1998,Канада
http://www.wikidata.org/entity/Q78510,Вальтер Кон,person,http://www.wikidata.org/entity/Q44585,Нобелевская премия по химии,1998-01-01T00:00:00Z,1998,США
http://www.wikidata.org/entity/Q78510,Вальтер Кон,person,http://www.wikidata.org/entity/Q44585,Нобелевская премия по химии,1998-01-01T00:00:00Z,1998,Австрия
http://www.wikidata.org/entity/Q233973,Джон Попл,person,http://www.wikidata.org/entity/Q44585,Нобелевская премия по химии,1998-01-01T00:00:00Z,1998,Великобритания
http://www.wikidata.org/entity/Q132489,Амартия Сен,person,http://www.wikidata.org/entity/Q47170,Премия по экономике памяти Альфреда Нобеля,1998-01-01T00:00:00Z,1998,Индия
http://www.wikidata.org/entity/Q6538,Гюнтер Грасс,person,http://www.wikidata.org/entity/Q37922,Нобелевская премия по литературе,1999-01-01T00:00:00Z,1999,Германия
http://www.wikidata.org/entity/Q6538,Гюнтер Грасс,person,http://www.wikidata.org/entity/Q37922,Нобелевская премия по литературе,1999-01-01T00:00:00Z,1999,Вольный город Данциг
http://www.wikidata.org/entity/Q184592,Герард ’т Хоофт,person,http://www.wikidata.org/entity/Q38104,Нобелевская премия по физике,1999-01-01T00:00:00Z,1999,Королевство Нидерландов
http://www.wikidata.org/entity/Q202149,Мартинус Велтман,person,http://www.wikidata.org/entity/Q38104,Нобелевская премия по физике,1999-01-01T00:00:00Z,1999,Королевство Нидерландов
http://www.wikidata.org/entity/Q60108,Гюнтер Блобел,person,http://www.wikidata.org/entity/Q80061,Нобелевская премия по физиологии и медицине,1999-01-01T00:00:00Z,1999,США
http://www.wikidata.org/entity/Q60108,Гюнтер Блобел,person,http://www.wikidata.org/entity/Q80061,Нобелевская премия по физиологии и медицине,1999-01-01T00:00:00Z,1999,Германия
http://www.wikidata.org/entity/Q60108,Гюнтер Блобел,person,http://www.wikidata.org/entity/Q80061,Нобелевская премия по физиологии и медицине,1999-01-01T00:00:00Z,1999,Нацистская Германия
http://www.wikidata.org/entity/Q106624,Ахмед Зевейл,person,http://www.wikidata.org/entity/Q44585,Нобелевская премия по химии,1999-01-01T00:00:00Z,1999,США
http://www.wikidata.org/entity/Q106624,Ахмед Зевейл,person,http://www.wikidata.org/entity/Q44585,Нобелевская премия по химии,1999-01-01T00:00:00Z,1999,Египет
http://www.wikidata.org/entity/Q219721,Роберт Манделл,person,http://www.wikidata.org/entity/Q47170,Премия по экономике памяти Альфреда Нобеля,1999-01-01T00:00:00Z,1999,Канада
http://www.wikidata.org/entity/Q18143,Гао Синцзянь,person,http://www.wikidata.org/entity/Q37922,Нобелевская премия по литературе,2000-01-01T00:00:00Z,2000,Франция
http://www.wikidata.org/entity/Q18143,Гао Синцзянь,person,http://www.wikidata.org/entity/Q37922,Нобелевская премия по литературе,2000-01-01T00:00:00Z,2000,Китай
http://www.wikidata.org/entity/Q71016,Герберт Крёмер,person,http://www.wikidata.org/entity/Q38104,Нобелевская премия по физике,2000-01-01T00:00:00Z,2000,США
http://www.wikidata.org/entity/Q71016,Герберт Крёмер,person,http://www.wikidata.org/entity/Q38104,Нобелевская премия по физике,2000-01-01T00:00:00Z,2000,Германия
http://www.wikidata.org/entity/Q182031,Джек Килби,person,http://www.wikidata.org/entity/Q38104,Нобелевская премия по физике,2000-01-01T00:00:00Z,2000,США
http://www.wikidata.org/entity/Q183279,Жорес Иванович Алфёров,person,http://www.wikidata.org/entity/Q38104,Нобелевская премия по физике,2000-01-01T00:00:00Z,2000,Россия
http://www.wikidata.org/entity/Q183279,Жорес Иванович Алфёров,person,http://www.wikidata.org/entity/Q38104,Нобелевская премия по физике,2000-01-01T00:00:00Z,2000,СССР
http://www.wikidata.org/entity/Q298045,Арвид Карлссон,person,http://www.wikidata.org/entity/Q80061,Нобелевская премия по физиологии и медицине,2000-01-01T00:00:00Z,2000,Швеция
http://www.wikidata.org/entity/Q309979,Пол Грингард,person,http://www.wikidata.org/entity/Q80061,Нобелевская премия по физиологии и медицине,2000-01-01T00:00:00Z,2000,США
http://www.wikidata.org/entity/Q155529,Эрик Кандел,person,http://www.wikidata.org/entity/Q80061,Нобелевская премия по физиологии и медицине,2000-01-01T00:00:00Z,2000,США
http://www.wikidata.org/entity/Q155529,Эрик Кандел,person,http://www.wikidata.org/entity/Q80061,Нобелевская премия по физиологии и медицине,2000-01-01T00:00:00Z,2000,Австрия
http://www.wikidata.org/entity/Q110942,Алан Макдиармид,person,http://www.wikidata.org/entity/Q44585,Нобелевская премия по химии,2000-01-01T00:00:00Z,2000,США
http://www.wikidata.org/entity/Q110942,Алан Макдиармид,person,http://www.wikidata.org/entity/Q44585,Нобелевская премия по химии,2000-01-01T00:00:00Z,2000,Новая Зеландия
http://www.wikidata.org/entity/Q106751,Алан Хигер,person,http://www.wikidata.org/entity/Q44585,Нобелевская премия по химии,2000-01-01T00:00:00Z,2000,США
http://www.wikidata.org/entity/Q110916,Хидэки Сиракава,person,http://www.wikidata.org/entity/Q44585,Нобелевская премия по химии,2000-01-01T00:00:00Z,2000,Япония
http://www.wikidata.org/entity/Q312560,Даниел Макфадден,person,http://www.wikidata.org/entity/Q47170,Премия по экономике памяти Альфреда Нобеля,2000-01-01T00:00:00Z,2000,США
http://www.wikidata.org/entity/Q312561,Джеймс Хекман,person,http://www.wikidata.org/entity/Q47170,Премия по экономике памяти Альфреда Нобеля,2000-01-01T00:00:00Z,2000,США
http://www.wikidata.org/entity/Q44593,Видиадхар Сураджпрасад Найпол,person,http://www.wikidata.org/entity/Q37922,Нобелевская премия по литературе,2001-01-01T00:00:00Z,2001,Великобритания
http://www.wikidata.org/entity/Q44593,Видиадхар Сураджпрасад Найпол,person,http://www.wikidata.org/entity/Q37922,Нобелевская премия по литературе,2001-01-01T00:00:00Z,2001,Тринидад и Тобаго
http://www.wikidata.org/entity/Q76462,Вольфганг Кеттерле,person,http://www.wikidata.org/entity/Q38104,Нобелевская премия по физике,2001-01-01T00:00:00Z,2001,Германия
http://www.wikidata.org/entity/Q206379,Карл Виман,person,http://www.wikidata.org/entity/Q38104,Нобелевская премия по физике,2001-01-01T00:00:00Z,2001,США
http://www.wikidata.org/entity/Q205954,Эрик Аллин Корнелл,person,http://www.wikidata.org/entity/Q38104,Нобелевская премия по физике,2001-01-01T00:00:00Z,2001,США
http://www.wikidata.org/entity/Q295869,Леланд Хартвелл,person,http://www.wikidata.org/entity/Q80061,Нобелевская премия по физиологии и медицине,2001-01-01T00:00:00Z,2001,США
http://www.wikidata.org/entity/Q219716,Пол Нёрс,person,http://www.wikidata.org/entity/Q80061,Нобелевская премия по физиологии и медицине,2001-01-01T00:00:00Z,2001,Великобритания
http://www.wikidata.org/entity/Q309977,Тимоти Хант,person,http://www.wikidata.org/entity/Q80061,Нобелевская премия по физиологии и медицине,2001-01-01T00:00:00Z,2001,Великобритания
http://www.wikidata.org/entity/Q110925,Барри Шарплесс,person,http://www.wikidata.org/entity/Q44585,Нобелевская премия по химии,2001-01-01T00:00:00Z,2001,США
http://www.wikidata.org/entity/Q157210,Рёдзи Ноёри,person,http://www.wikidata.org/entity/Q44585,Нобелевская премия по химии,2001-01-01T00:00:00Z,2001,Япония
http://www.wikidata.org/entity/Q110947,Уильям Ноулз,person,http://www.wikidata.org/entity/Q44585,Нобелевская премия по химии,2001-01-01T00:00:00Z,2001,США
http://www.wikidata.org/entity/Q18430,Джозеф Стиглиц,person,http://www.wikidata.org/entity/Q47170,Премия по экономике памяти Альфреда Нобеля,2001-01-01T00:00:00Z,2001,США
http://www.wikidata.org/entity/Q222541,Джордж Акерлоф,person,http://www.wikidata.org/entity/Q47170,Премия по экономике памяти Альфреда Нобеля,2001-01-01T00:00:00Z,2001,США
http://www.wikidata.org/entity/Q157245,Майкл Спенс,person,http://www.wikidata.org/entity/Q47170,Премия по экономике памяти Альфреда Нобеля,2001-01-01T00:00:00Z,2001,США
http://www.wikidata.org/entity/Q47755,Имре Кертес,person,http://www.wikidata.org/entity/Q37922,Нобелевская премия по литературе,2002-01-01T00:00:00Z,2002,Венгрия
http://www.wikidata.org/entity/Q47755,Имре Кертес,person,http://www.wikidata.org/entity/Q37922,Нобелевская премия по литературе,2002-01-01T00:00:00Z,2002,Германия
http://www.wikidata.org/entity/Q155773,Масатоси Косиба,person,http://www.wikidata.org/entity/Q38104,Нобелевская премия по физике,2002-01-01T00:00:00Z,2002,Япония
http://www.wikidata.org/entity/Q155773,Масатоси Косиба,person,http://www.wikidata.org/entity/Q38104,Нобелевская премия по физике,2002-01-01T00:00:00Z,2002,Японская империя
http://www.wikidata.org/entity/Q175519,Раймонд Дэвис,person,http://www.wikidata.org/entity/Q38104,Нобелевская премия по физике,2002-01-01T00:00:00Z,2002,США
http://www.wikidata.org/entity/Q186481,Риккардо Джаккони,person,http://www.wikidata.org/entity/Q38104,Нобелевская премия по физике,2002-01-01T00:00:00Z,2002,США
http://www.wikidata.org/entity/Q186481,Риккардо Джаккони,person,http://www.wikidata.org/entity/Q38104,Нобелевская премия по физике,2002-01-01T00:00:00Z,2002,Италия
http://www.wikidata.org/entity/Q186481,Риккардо Джаккони,person,http://www.wikidata.org/entity/Q38104,Нобелевская премия по физике,2002-01-01T00:00:00Z,2002,Королевство Италия
http://www.wikidata.org/entity/Q271532,Джон Салстон,person,http://www.wikidata.org/entity/Q80061,Нобелевская премия по физиологии и медицине,2002-01-01T00:00:00Z,2002,Великобритания
http://www.wikidata.org/entity/Q295659,Роберт Хорвиц,person,http://www.wikidata.org/entity/Q80061,Нобелевская премия по физиологии и медицине,2002-01-01T00:00:00Z,2002,США
http://www.wikidata.org/entity/Q234463,Сидней Бреннер,person,http://www.wikidata.org/entity/Q80061,Нобелевская премия по физиологии и медицине,2002-01-01T00:00:00Z,2002,Великобритания
http://www.wikidata.org/entity/Q234463,Сидней Бреннер,person,http://www.wikidata.org/entity/Q80061,Нобелевская премия по физиологии и медицине,2002-01-01T00:00:00Z,2002,ЮАР
http://www.wikidata.org/entity/Q106738,Джон Беннетт Фенн,person,http://www.wikidata.org/entity/Q44585,Нобелевская премия по химии,2002-01-01T00:00:00Z,2002,США
http://www.wikidata.org/entity/Q110963,Коити Танака,person,http://www.wikidata.org/entity/Q44585,Нобелевская премия по химии,2002-01-01T00:00:00Z,2002,Япония
http://www.wikidata.org/entity/Q110957,Курт Вютрих,person,http://www.wikidata.org/entity/Q44585,Нобелевская премия по химии,2002-01-01T00:00:00Z,2002,Швейцария
http://www.wikidata.org/entity/Q295717,Вернон Смит,person,http://www.wikidata.org/entity/Q47170,Премия по экономике памяти Альфреда Нобеля,2002-01-01T00:00:00Z,2002,США
http://www.wikidata.org/entity/Q233950,Даниэль Канеман,person,http://www.wikidata.org/entity/Q47170,Премия по экономике памяти Альфреда Нобеля,2002-01-01T00:00:00Z,2002,США
http://www.wikidata.org/entity/Q233950,Даниэль Канеман,person,http://www.wikidata.org/entity/Q47170,Премия по экономике памяти Альфреда Нобеля,2002-01-01T00:00:00Z,2002,Израиль
http://www.wikidata.org/entity/Q43293,Джон Максвелл Кутзее,person,http://www.wikidata.org/entity/Q37922,Нобелевская премия по литературе,2003-01-01T00:00:00Z,2003,ЮАР
http://www.wikidata.org/entity/Q43293,Джон Максвелл Кутзее,person,http://www.wikidata.org/entity/Q37922,Нобелевская премия по литературе,2003-01-01T00:00:00Z,2003,Австралия
http://www.wikidata.org/entity/Q188128,Алексей Алексеевич Абрикосов,person,http://www.wikidata.org/entity/Q38104,Нобелевская премия по физике,2003-01-01T00:00:00Z,2003,США
http://www.wikidata.org/entity/Q188128,Алексей Алексеевич Абрикосов,person,http://www.wikidata.org/entity/Q38104,Нобелевская премия по физике,2003-01-01T00:00:00Z,2003,Россия
http://www.wikidata.org/entity/Q188128,Алексей Алексеевич Абрикосов,person,http://www.wikidata.org/entity/Q38104,Нобелевская премия по физике,2003-01-01T00:00:00Z,2003,СССР
http://www.wikidata.org/entity/Q104668,Виталий Лазаревич Гинзбург,person,http://www.wikidata.org/entity/Q38104,Нобелевская премия по физике,2003-01-01T00:00:00Z,2003,Россия
http://www.wikidata.org/entity/Q104668,Виталий Лазаревич Гинзбург,person,http://www.wikidata.org/entity/Q38104,Нобелевская премия по физике,2003-01-01T00:00:00Z,2003,СССР
http://www.wikidata.org/entity/Q192718,Энтони Джеймс Леггетт,person,http://www.wikidata.org/entity/Q38104,Нобелевская премия по физике,2003-01-01T00:00:00Z,2003,США
http://www.wikidata.org/entity/Q192718,Энтони Джеймс Леггетт,person,http://www.wikidata.org/entity/Q38104,Нобелевская премия по физике,2003-01-01T00:00:00Z,2003,Великобритания
http://www.wikidata.org/entity/Q243601,Питер Мэнсфилд,person,http://www.wikidata.org/entity/Q80061,Нобелевская премия по физиологии и медицине,2003-01-01T00:00:00Z,2003,Великобритания
http://www.wikidata.org/entity/Q106547,Пол Лотербур,person,http://www.wikidata.org/entity/Q80061,Нобелевская премия по физиологии и медицине,2003-01-01T00:00:00Z,2003,США
http://www.wikidata.org/entity/Q102250,Питер Эгр,person,http://www.wikidata.org/entity/Q44585,Нобелевская премия по химии,2003-01-01T00:00:00Z,2003,США
http://www.wikidata.org/entity/Q211482,Родерик Маккинон,person,http://www.wikidata.org/entity/Q44585,Нобелевская премия по химии,2003-01-01T00:00:00Z,2003,США
http://www.wikidata.org/entity/Q312575,Клайв Грейнджер,person,http://www.wikidata.org/entity/Q47170,Премия по экономике памяти Альфреда Нобеля,2003-01-01T00:00:00Z,2003,Великобритания
http://www.wikidata.org/entity/Q295653,Роберт Энгл,person,http://www.wikidata.org/entity/Q47170,Премия по экономике памяти Альфреда Нобеля,2003-01-01T00:00:00Z,2003,США
http://www.wikidata.org/entity/Q47243,Эльфрида Елинек,person,http://www.wikidata.org/entity/Q37922,Нобелевская премия по литературе,2004-01-01T00:00:00Z,2004,Австрия
http://www.wikidata.org/entity/Q40262,Дэвид Гросс,person,http://www.wikidata.org/entity/Q38104,Нобелевская премия по физике,2004-01-01T00:00:00Z,2004,США
http://www.wikidata.org/entity/Q107450,Фрэнк Вилчек,person,http://www.wikidata.org/entity/Q38104,Нобелевская премия по физике,2004-01-01T00:00:00Z,2004,США
http://www.wikidata.org/entity/Q107407,Хью Дейвид Политцер,person,http://www.wikidata.org/entity/Q38104,Нобелевская премия по физике,2004-01-01T00:00:00Z,2004,США
http://www.wikidata.org/entity/Q200136,Линда Бак,person,http://www.wikidata.org/entity/Q80061,Нобелевская премия по физиологии и медицине,2004-01-01T00:00:00Z,2004,США
http://www.wikidata.org/entity/Q211940,Ричард Аксел,person,http://www.wikidata.org/entity/Q80061,Нобелевская премия по физиологии и медицине,2004-01-01T00:00:00Z,2004,США
http://www.wikidata.org/entity/Q233205,Аарон Чехановер,person,http://www.wikidata.org/entity/Q44585,Нобелевская премия по химии,2004-01-01T00:00:00Z,2004,Израиль
http://www.wikidata.org/entity/Q232302,Аврам Гершко,person,http://www.wikidata.org/entity/Q44585,Нобелевская премия по химии,2004-01-01T00:00:00Z,2004,Венгрия
http://www.wikidata.org/entity/Q232302,Аврам Гершко,person,http://www.wikidata.org/entity/Q44585,Нобелевская премия по химии,2004-01-01T00:00:00Z,2004,Израиль
http://www.wikidata.org/entity/Q230652,Ирвин Роуз,person,http://www.wikidata.org/entity/Q44585,Нобелевская премия по химии,2004-01-01T00:00:00Z,2004,США
http://www.wikidata.org/entity/Q211097,Финн Кюдланд,person,http://www.wikidata.org/entity/Q47170,Премия по экономике памяти Альфреда Нобеля,2004-01-01T00:00:00Z,2004,Норвегия
http://www.wikidata.org/entity/Q312585,Эдвард Прескотт,person,http://www.wikidata.org/entity/Q47170,Премия по экономике памяти Альфреда Нобеля,2004-01-01T00:00:00Z,2004,США
http://www.wikidata.org/entity/Q41042,Гарольд Пинтер,person,http://www.wikidata.org/entity/Q37922,Нобелевская премия по литературе,2005-01-01T00:00:00Z,2005,Великобритания
http://www.wikidata.org/entity/Q206390,Джон Холл,person,http://www.wikidata.org/entity/Q38104,Нобелевская премия по физике,2005-01-01T00:00:00Z,2005,США
http://www.wikidata.org/entity/Q64188,Рой Глаубер,person,http://www.wikidata.org/entity/Q38104,Нобелевская премия по физике,2005-01-01T00:00:00Z,2005,США
http://www.wikidata.org/entity/Q71013,Теодор Хенш,person,http://www.wikidata.org/entity/Q38104,Нобелевская премия по физике,2005-01-01T00:00:00Z,2005,США
http://www.wikidata.org/entity/Q71013,Теодор Хенш,person,http://www.wikidata.org/entity/Q38104,Нобелевская премия по физике,2005-01-01T00:00:00Z,2005,Германия
http://www.wikidata.org/entity/Q202136,Барри Маршалл,person,http://www.wikidata.org/entity/Q80061,Нобелевская премия по физиологии и медицине,2005-01-01T00:00:00Z,2005,Австралия
http://www.wikidata.org/entity/Q208670,Робин Уоррен,person,http://www.wikidata.org/entity/Q80061,Нобелевская премия по физиологии и медицине,2005-01-01T00:00:00Z,2005,Австралия
http://www.wikidata.org/entity/Q202146,Ив Шовен,person,http://www.wikidata.org/entity/Q44585,Нобелевская премия по химии,2005-01-01T00:00:00Z,2005,Франция
http://www.wikidata.org/entity/Q202159,Ричард Шрок,person,http://www.wikidata.org/entity/Q44585,Нобелевская премия по химии,2005-01-01T00:00:00Z,2005,США
http://www.wikidata.org/entity/Q202140,Роберт Граббс,person,http://www.wikidata.org/entity/Q44585,Нобелевская премия по химии,2005-01-01T00:00:00Z,2005,США
http://www.wikidata.org/entity/Q157235,Роберт Ауман,person,http://www.wikidata.org/entity/Q47170,Премия по экономике памяти Альфреда Нобеля,2005-01-01T00:00:00Z,2005,США
http://www.wikidata.org/entity/Q157235,Роберт Ауман,person,http://www.wikidata.org/entity/Q47170,Премия по экономике памяти Альфреда Нобеля,2005-01-01T00:00:00Z,2005,Израиль
http://www.wikidata.org/entity/Q206460,Томас Шеллинг,person,http://www.wikidata.org/entity/Q47170,Премия по экономике памяти Альфреда Нобеля,2005-01-01T00:00:00Z,2005,США
http://www.wikidata.org/entity/Q241248,Орхан Памук,person,http://www.wikidata.org/entity/Q37922,Нобелевская премия по литературе,2006-01-01T00:00:00Z,2006,Турция
http://www.wikidata.org/entity/Q104651,Джон Мазер,person,http://www.wikidata.org/entity/Q38104,Нобелевская премия по физике,2006-01-01T00:00:00Z,2006,США
http://www.wikidata.org/entity/Q179572,Джордж Смут,person,http://www.wikidata.org/entity/Q38104,Нобелевская премия по физике,2006-01-01T00:00:00Z,2006,США
http://www.wikidata.org/entity/Q206455,Крейг Мелло,person,http://www.wikidata.org/entity/Q80061,Нобелевская премия по физиологии и медицине,2006-01-01T00:00:00Z,2006,США
http://www.wikidata.org/entity/Q202152,Эндрю Файер,person,http://www.wikidata.org/entity/Q80061,Нобелевская премия по физиологии и медицине,2006-01-01T00:00:00Z,2006,США
http://www.wikidata.org/entity/Q170676,Роджер Корнберг,person,http://www.wikidata.org/entity/Q44585,Нобелевская премия по химии,2006-01-01T00:00:00Z,2006,США
http://www.wikidata.org/entity/Q192566,Эдмунд Фелпс,person,http://www.wikidata.org/entity/Q47170,Премия по экономике памяти Альфреда Нобеля,2006-01-01T00:00:00Z,2006,США
http://www.wikidata.org/entity/Q40874,Дорис Лессинг,person,http://www.wikidata.org/entity/Q37922,Нобелевская премия по литературе,2007-01-01T00:00:00Z,2007,Великобритания
http://www.wikidata.org/entity/Q40874,Дорис Лессинг,person,http://www.wikidata.org/entity/Q37922,Нобелевская премия по литературе,2007-01-01T00:00:00Z,2007,Соединённое королевство Великобритании и Ирландии
http://www.wikidata.org/entity/Q153219,Альбер Ферт,person,http://www.wikidata.org/entity/Q38104,Нобелевская премия по физике,2007-01-01T00:00:00Z,2007,Франция
http://www.wikidata.org/entity/Q57120,Петер Грюнберг,person,http://www.wikidata.org/entity/Q38104,Нобелевская премия по физике,2007-01-01T00:00:00Z,2007,Германия
http://www.wikidata.org/entity/Q215574,Марио Капекки,person,http://www.wikidata.org/entity/Q80061,Нобелевская премия по физиологии и медицине,2007-01-01T00:00:00Z,2007,США
http://www.wikidata.org/entity/Q207719,Мартин Эванс,person,http://www.wikidata.org/entity/Q80061,Нобелевская премия по физиологии и медицине,2007-01-01T00:00:00Z,2007,Великобритания
http://www.wikidata.org/entity/Q216318,Оливер Смитис,person,http://www.wikidata.org/entity/Q80061,Нобелевская премия по физиологии и медицине,2007-01-01T00:00:00Z,2007,США
http://www.wikidata.org/entity/Q216318,Оливер Смитис,person,http://www.wikidata.org/entity/Q80061,Нобелевская премия по физиологии и медицине,2007-01-01T00:00:00Z,2007,Великобритания
http://www.wikidata.org/entity/Q60066,Герхард Эртль,person,http://www.wikidata.org/entity/Q44585,Нобелевская премия по химии,2007-01-01T00:00:00Z,2007,Германия
http://www.wikidata.org/entity/Q157262,Леонид Гурвич,person,http://www.wikidata.org/entity/Q47170,Премия по экономике памяти Альфреда Нобеля,2007-01-01T00:00:00Z,2007,США
http://www.wikidata.org/entity/Q157262,Леонид Гурвич,person,http://www.wikidata.org/entity/Q47170,Премия по экономике памяти Альфреда Нобеля,2007-01-01T00:00:00Z,2007,Польша
http://www.wikidata.org/entity/Q232949,Роджер Майерсон,person,http://www.wikidata.org/entity/Q47170,Премия по экономике памяти Альфреда Нобеля,2007-01-01T00:00:00Z,2007,США
http://www.wikidata.org/entity/Q233051,Эрик Маскин,person,http://www.wikidata.org/entity/Q47170,Премия по экономике памяти Альфреда Нобеля,2007-01-01T00:00:00Z,2007,США
http://www.wikidata.org/entity/Q42037,Жан-Мари Гюстав Леклезио,person,http://www.wikidata.org/entity/Q37922,Нобелевская премия по литературе,2008-01-01T00:00:00Z,2008,Франция
http://www.wikidata.org/entity/Q42037,Жан-Мари Гюстав Леклезио,person,http://www.wikidata.org/entity/Q37922,Нобелевская премия по литературе,2008-01-01T00:00:00Z,2008,Маврикий
http://www.wikidata.org/entity/Q188120,Йоитиро Намбу,person,http://www.wikidata.org/entity/Q38104,Нобелевская премия по физике,2008-01-01T00:00:00Z,2008,Япония
http://www.wikidata.org/entity/Q188120,Йоитиро Намбу,person,http://www.wikidata.org/entity/Q38104,Нобелевская премия по физике,2008-01-01T00:00:00Z,2008,США
http://www.wikidata.org/entity/Q202164,Макото Кобаяси,person,http://www.wikidata.org/entity/Q38104,Нобелевская премия по физике,2008-01-01T00:00:00Z,2008,Япония
http://www.wikidata.org/entity/Q202168,Тосихидэ Масукава,person,http://www.wikidata.org/entity/Q38104,Нобелевская премия по физике,2008-01-01T00:00:00Z,2008,Япония
http://www.wikidata.org/entity/Q202168,Тосихидэ Масукава,person,http://www.wikidata.org/entity/Q38104,Нобелевская премия по физике,2008-01-01T00:00:00Z,2008,Японская империя
http://www.wikidata.org/entity/Q103598,Люк Монтанье,person,http://www.wikidata.org/entity/Q80061,Нобелевская премия по физиологии и медицине,2008-01-01T00:00:00Z,2008,Франция
http://www.wikidata.org/entity/Q103844,Франсуаза Барре-Синусси,person,http://www.wikidata.org/entity/Q80061,Нобелевская премия по физиологии и медицине,2008-01-01T00:00:00Z,2008,Франция
http://www.wikidata.org/entity/Q75847,Харальд цур Хаузен,person,http://www.wikidata.org/entity/Q80061,Нобелевская премия по физиологии и медицине,2008-01-01T00:00:00Z,2008,Германия
http://www.wikidata.org/entity/Q106699,Мартин Чалфи,person,http://www.wikidata.org/entity/Q44585,Нобелевская премия по химии,2008-01-01T00:00:00Z,2008,США
http://www.wikidata.org/entity/Q205345,Осаму Симомура,person,http://www.wikidata.org/entity/Q44585,Нобелевская премия по химии,2008-01-01T00:00:00Z,2008,Япония
http://www.wikidata.org/entity/Q205345,Осаму Симомура,person,http://www.wikidata.org/entity/Q44585,Нобелевская премия по химии,2008-01-01T00:00:00Z,2008,Японская империя
http://www.wikidata.org/entity/Q200470,Роджер Тсиен,person,http://www.wikidata.org/entity/Q44585,Нобелевская премия по химии,2008-01-01T00:00:00Z,2008,США
http://www.wikidata.org/entity/Q131112,Пол Кругман,person,http://www.wikidata.org/entity/Q47170,Премия по экономике памяти Альфреда Нобеля,2008-01-01T00:00:00Z,2008,США
http://www.wikidata.org/entity/Q38049,Герта Мюллер,person,http://www.wikidata.org/entity/Q37922,Нобелевская премия по литературе,2009-01-01T00:00:00Z,2009,Германия
http://www.wikidata.org/entity/Q38049,Герта Мюллер,person,http://www.wikidata.org/entity/Q37922,Нобелевская премия по литературе,2009-01-01T00:00:00Z,2009,Румыния
http://www.wikidata.org/entity/Q76373,Джордж Элвуд Смит,person,http://www.wikidata.org/entity/Q38104,Нобелевская премия по физике,2009-01-01T00:00:00Z,2009,США
http://www.wikidata.org/entity/Q73058,Уиллард Бойл,person,http://www.wikidata.org/entity/Q38104,Нобелевская премия по физике,2009-01-01T00:00:00Z,2009,Канада
http://www.wikidata.org/entity/Q73058,Уиллард Бойл,person,http://www.wikidata.org/entity/Q38104,Нобелевская премия по физике,2009-01-01T00:00:00Z,2009,США
http://www.wikidata.org/entity/Q16389,Чарльз Као,person,http://www.wikidata.org/entity/Q38104,Нобелевская премия по физике,2009-01-01T00:00:00Z,2009,США
http://www.wikidata.org/entity/Q16389,Чарльз Као,person,http://www.wikidata.org/entity/Q38104,Нобелевская премия по физике,2009-01-01T00:00:00Z,2009,Великобритания
http://www.wikidata.org/entity/Q104600,Джек Шостак,person,http://www.wikidata.org/entity/Q80061,Нобелевская премия по физиологии и медицине,2009-01-01T00:00:00Z,2009,Канада
http://www.wikidata.org/entity/Q104600,Джек Шостак,person,http://www.wikidata.org/entity/Q80061,Нобелевская премия по физиологии и медицине,2009-01-01T00:00:00Z,2009,США
http://www.wikidata.org/entity/Q26322,Кэрол Грейдер,person,http://www.wikidata.org/entity/Q80061,Нобелевская премия по физиологии и медицине,2009-01-01T00:00:00Z,2009,США
http://www.wikidata.org/entity/Q26321,Элизабет Блэкбёрн,person,http://www.wikidata.org/entity/Q80061,Нобелевская премия по физиологии и медицине,2009-01-01T00:00:00Z,2009,США
http://www.wikidata.org/entity/Q26321,Элизабет Блэкбёрн,person,http://www.wikidata.org/entity/Q80061,Нобелевская премия по физиологии и медицине,2009-01-01T00:00:00Z,2009,Австралия
http://www.wikidata.org/entity/Q7426,Ада Йонат,person,http://www.wikidata.org/entity/Q44585,Нобелевская премия по химии,2009-01-01T00:00:00Z,2009,Израиль
http://www.wikidata.org/entity/Q60061,Венкатраман Рамакришнан,person,http://www.wikidata.org/entity/Q44585,Нобелевская премия по химии,2009-01-01T00:00:00Z,2009,США
http://www.wikidata.org/entity/Q109559,Томас Стейц,person,http://www.wikidata.org/entity/Q44585,Нобелевская премия по химии,2009-01-01T00:00:00Z,2009,США
http://www.wikidata.org/entity/Q232062,Оливер Уильямсон,person,http://www.wikidata.org/entity/Q47170,Премия по экономике памяти Альфреда Нобеля,2009-01-01T00:00:00Z,2009,США
http://www.wikidata.org/entity/Q153761,Элинор Остром,person,http://www.wikidata.org/entity/Q47170,Премия по экономике памяти Альфреда Нобеля,2009-01-01T00:00:00Z,2009,США
http://www.wikidata.org/entity/Q39803,Марио Варгас Льоса,person,http://www.wikidata.org/entity/Q37922,Нобелевская премия по литературе,2010-01-01T00:00:00Z,2010,Испания
http://www.wikidata.org/entity/Q39803,Марио Варгас Льоса,person,http://www.wikidata.org/entity/Q37922,Нобелевская премия по литературе,2010-01-01T00:00:00Z,2010,Перу
http://www.wikidata.org/entity/Q39803,Марио Варгас Льоса,person,http://www.wikidata.org/entity/Q37922,Нобелевская премия по литературе,2010-01-01T00:00:00Z,2010,Доминиканская Республика
http://www.wikidata.org/entity/Q104104,Андрей Константинович Гейм,person,http://www.wikidata.org/entity/Q38104,Нобелевская премия по физике,2010-01-01T00:00:00Z,2010,Великобритания
http://www.wikidata.org/entity/Q104104,Андрей Константинович Гейм,person,http://www.wikidata.org/entity/Q38104,Нобелевская премия по физике,2010-01-01T00:00:00Z,2010,СССР
http://www.wikidata.org/entity/Q104104,Андрей Константинович Гейм,person,http://www.wikidata.org/entity/Q38104,Нобелевская премия по физике,2010-01-01T00:00:00Z,2010,Королевство Нидерландов
http://www.wikidata.org/entity/Q106494,Константин Сергеевич Новосёлов,person,http://www.wikidata.org/entity/Q38104,Нобелевская премия по физике,2010-01-01T00:00:00Z,2010,Великобритания
http://www.wikidata.org/entity/Q106494,Константин Сергеевич Новосёлов,person,http://www.wikidata.org/entity/Q38104,Нобелевская премия по физике,2010-01-01T00:00:00Z,2010,Россия
http://www.wikidata.org/entity/Q106494,Константин Сергеевич Новосёлов,person,http://www.wikidata.org/entity/Q38104,Нобелевская премия по физике,2010-01-01T00:00:00Z,2010,СССР
http://www.wikidata.org/entity/Q104913,Роберт Джеффри Эдвардс,person,http://www.wikidata.org/entity/Q80061,Нобелевская премия по физиологии и медицине,2010-01-01T00:00:00Z,2010,Великобритания
http://www.wikidata.org/entity/Q105949,Акира Судзуки,person,http://www.wikidata.org/entity/Q44585,Нобелевская премия по химии,2010-01-01T00:00:00Z,2010,Япония
http://www.wikidata.org/entity/Q106471,Ричард Хек,person,http://www.wikidata.org/entity/Q44585,Нобелевская премия по химии,2010-01-01T00:00:00Z,2010,США
http://www.wikidata.org/entity/Q105927,Эйити Негиси,person,http://www.wikidata.org/entity/Q44585,Нобелевская премия по химии,2010-01-01T00:00:00Z,2010,Япония
http://www.wikidata.org/entity/Q105927,Эйити Негиси,person,http://www.wikidata.org/entity/Q44585,Нобелевская премия по химии,2010-01-01T00:00:00Z,2010,США
http://www.wikidata.org/entity/Q109721,Дэйл Мортенсен,person,http://www.wikidata.org/entity/Q47170,Премия по экономике памяти Альфреда Нобеля,2010-01-01T00:00:00Z,2010,США
http://www.wikidata.org/entity/Q109582,Кристофер Писсаридес,person,http://www.wikidata.org/entity/Q47170,Премия по экономике памяти Альфреда Нобеля,2010-01-01T00:00:00Z,2010,Великобритания
http://www.wikidata.org/entity/Q109582,Кристофер Писсаридес,person,http://www.wikidata.org/entity/Q47170,Премия по экономике памяти Альфреда Нобеля,2010-01-01T00:00:00Z,2010,Кипр
http://www.wikidata.org/entity/Q109570,Питер Даймонд,person,http://www.wikidata.org/entity/Q47170,Премия по экономике памяти Альфреда Нобеля,2010-01-01T00:00:00Z,2010,США
http://www.wikidata.org/entity/Q42122,Тумас Транстрёмер,person,http://www.wikidata.org/entity/Q37922,Нобелевская премия по литературе,2011-01-01T00:00:00Z,2011,Швеция
http://www.wikidata.org/entity/Q106454,Адам Рисс,person,http://www.wikidata.org/entity/Q38104,Нобелевская премия по физике,2011-01-01T00:00:00Z,2011,США
http://www.wikidata.org/entity/Q201452,Брайан Шмидт,person,http://www.wikidata.org/entity/Q38104,Нобелевская премия по физике,2011-01-01T00:00:00Z,2011,США
http://www.wikidata.org/entity/Q201452,Брайан Шмидт,person,http://www.wikidata.org/entity/Q38104,Нобелевская премия по физике,2011-01-01T00:00:00Z,2011,Австралия
http://www.wikidata.org/entity/Q106949,Сол Перлмуттер,person,http://www.wikidata.org/entity/Q38104,Нобелевская премия по физике,2011-01-01T00:00:00Z,2011,США
http://www.wikidata.org/entity/Q104592,Брюс Бётлер,person,http://www.wikidata.org/entity/Q80061,Нобелевская премия по физиологии и медицине,2011-01-01T00:00:00Z,2011,США
http://www.wikidata.org/entity/Q105605,Жюль Оффман,person,http://www.wikidata.org/entity/Q80061,Нобелевская премия по физиологии и медицине,2011-01-01T00:00:00Z,2011,Люксембург
http://www.wikidata.org/entity/Q105605,Жюль Оффман,person,http://www.wikidata.org/entity/Q80061,Нобелевская премия по физиологии и медицине,2011-01-01T00:00:00Z,2011,Франция
http://www.wikidata.org/entity/Q105494,Ральф Стайнман,person,http://www.wikidata.org/entity/Q80061,Нобелевская премия по физиологии и медицине,2011-01-01T00:00:00Z,2011,Канада
http://www.wikidata.org/entity/Q105494,Ральф Стайнман,person,http://www.wikidata.org/entity/Q80061,Нобелевская премия по физиологии и медицине,2011-01-01T00:00:00Z,2011,США
http://www.wikidata.org/entity/Q44111,Дан Шехтман,person,http://www.wikidata.org/entity/Q44585,Нобелевская премия по химии,2011-01-01T00:00:00Z,2011,США
http://www.wikidata.org/entity/Q44111,Дан Шехтман,person,http://www.wikidata.org/entity/Q44585,Нобелевская премия по химии,2011-01-01T00:00:00Z,2011,Израиль
http://www.wikidata.org/entity/Q109737,Кристофер Альберт Симс,person,http://www.wikidata.org/entity/Q47170,Премия по экономике памяти Альфреда Нобеля,2011-01-01T00:00:00Z,2011,США
http://www.wikidata.org/entity/Q107964,Томас Джон Сарджент,person,http://www.wikidata.org/entity/Q47170,Премия по экономике памяти Альфреда Нобеля,2011-01-01T00:00:00Z,2011,США
http://www.wikidata.org/entity/Q8998,Мо Янь,person,http://www.wikidata.org/entity/Q37922,Нобелевская премия по литературе,2012-01-01T00:00:00Z,2012,Китай
http://www.wikidata.org/entity/Q61045,Дейвид Уайнленд,person,http://www.wikidata.org/entity/Q38104,Нобелевская премия по физике,2012-01-01T00:00:00Z,2012,США
http://www.wikidata.org/entity/Q109588,Серж Арош,person,http://www.wikidata.org/entity/Q38104,Нобелевская премия по физике,2012-01-01T00:00:00Z,2012,Франция
http://www.wikidata.org/entity/Q81218,Джон Гердон,person,http://www.wikidata.org/entity/Q80061,Нобелевская премия по физиологии и медицине,2012-01-01T00:00:00Z,2012,Великобритания
http://www.wikidata.org/entity/Q80917,Синъя Яманака,person,http://www.wikidata.org/entity/Q80061,Нобелевская премия по физиологии и медицине,2012-01-01T00:00:00Z,2012,Япония
http://www.wikidata.org/entity/Q80907,Брайан Кобилка,person,http://www.wikidata.org/entity/Q44585,Нобелевская премия по химии,2012-01-01T00:00:00Z,2012,США
http://www.wikidata.org/entity/Q80910,Роберт Лефковиц,person,http://www.wikidata.org/entity/Q44585,Нобелевская премия по химии,2012-01-01T00:00:00Z,2012,США
http://www.wikidata.org/entity/Q244739,Ллойд Шепли,person,http://www.wikidata.org/entity/Q47170,Премия по экономике памяти Альфреда Нобеля,2012-01-01T00:00:00Z,2012,США
http://www.wikidata.org/entity/Q28542,Элвин Рот,person,http://www.wikidata.org/entity/Q47170,Премия по экономике памяти Альфреда Нобеля,2012-01-01T00:00:00Z,2012,США
http://www.wikidata.org/entity/Q234819,Элис Манро,person,http://www.wikidata.org/entity/Q37922,Нобелевская премия по литературе,2013-01-01T00:00:00Z,2013,Канада
http://www.wikidata.org/entity/Q192112,Питер Хиггс,person,http://www.wikidata.org/entity/Q38104,Нобелевская премия по физике,2013-01-01T00:00:00Z,2013,Великобритания
http://www.wikidata.org/entity/Q151746,Франсуа Энглер,person,http://www.wikidata.org/entity/Q38104,Нобелевская премия по физике,2013-01-01T00:00:00Z,2013,Бельгия
http://www.wikidata.org/entity/Q444270,Джеймс Ротман,person,http://www.wikidata.org/entity/Q80061,Нобелевская премия по физиологии и медицине,2013-01-01T00:00:00Z,2013,США
http://www.wikidata.org/entity/Q740638,Рэнди Шекман,person,http://www.wikidata.org/entity/Q80061,Нобелевская премия по физиологии и медицине,2013-01-01T00:00:00Z,2013,США
http://www.wikidata.org/entity/Q97270,Томас Кристиан Зюдхоф,person,http://www.wikidata.org/entity/Q80061,Нобелевская премия по физиологии и медицине,2013-01-01T00:00:00Z,2013,США
http://www.wikidata.org/entity/Q97270,Томас Кристиан Зюдхоф,person,http://www.wikidata.org/entity/Q80061,Нобелевская премия по физиологии и медицине,2013-01-01T00:00:00Z,2013,Германия
http://www.wikidata.org/entity/Q4790366,Арье Варшель,person,http://www.wikidata.org/entity/Q44585,Нобелевская премия по химии,2013-01-01T00:00:00Z,2013,США
http://www.wikidata.org/entity/Q4790366,Арье Варшель,person,http://www.wikidata.org/entity/Q44585,Нобелевская премия по химии,2013-01-01T00:00:00Z,2013,Израиль
http://www.wikidata.org/entity/Q6832227,Майкл Левитт,person,http://www.wikidata.org/entity/Q44585,Нобелевская премия по химии,2013-01-01T00:00:00Z,2013,США
http://www.wikidata.org/entity/Q6832227,Майкл Левитт,person,http://www.wikidata.org/entity/Q44585,Нобелевская премия по химии,2013-01-01T00:00:00Z,2013,Великобритания
http://www.wikidata.org/entity/Q6832227,Майкл Левитт,person,http://www.wikidata.org/entity/Q44585,Нобелевская премия по химии,2013-01-01T00:00:00Z,2013,ЮАР
http://www.wikidata.org/entity/Q6832227,Майкл Левитт,person,http://www.wikidata.org/entity/Q44585,Нобелевская премия по химии,2013-01-01T00:00:00Z,2013,Израиль
http://www.wikidata.org/entity/Q903471,Мартин Карплус,person,http://www.wikidata.org/entity/Q44585,Нобелевская премия по химии,2013-01-01T00:00:00Z,2013,США
http://www.wikidata.org/entity/Q903471,Мартин Карплус,person,http://www.wikidata.org/entity/Q44585,Нобелевская премия по химии,2013-01-01T00:00:00Z,2013,Австрия
http://www.wikidata.org/entity/Q1386049,Ларс Питер Хансен,person,http://www.wikidata.org/entity/Q47170,Премия по экономике памяти Альфреда Нобеля,2013-01-01T00:00:00Z,2013,США
http://www.wikidata.org/entity/Q338151,Роберт Дж. Шиллер,person,http://www.wikidata.org/entity/Q47170,Премия по экономике памяти Альфреда Нобеля,2013-01-01T00:00:00Z,2013,США
http://www.wikidata.org/entity/Q359317,Юджин Фама,person,http://www.wikidata.org/entity/Q47170,Премия по экономике памяти Альфреда Нобеля,2013-01-01T00:00:00Z,2013,США
http://www.wikidata.org/entity/Q222944,Патрик Модиано,person,http://www.wikidata.org/entity/Q37922,Нобелевская премия по литературе,2014-01-01T00:00:00Z,2014,Франция
http://www.wikidata.org/entity/Q1673706,Исаму Акасаки,person,http://www.wikidata.org/entity/Q38104,Нобелевская премия по физике,2014-01-01T00:00:00Z,2014,Япония
http://www.wikidata.org/entity/Q1673706,Исаму Акасаки,person,http://www.wikidata.org/entity/Q38104,Нобелевская премия по физике,2014-01-01T00:00:00Z,2014,Японская империя
http://www.wikidata.org/entity/Q730065,Сюдзи Накамура,person,http://www.wikidata.org/entity/Q38104,Нобелевская премия по физике,2014-01-01T00:00:00Z,2014,Япония
http://www.wikidata.org/entity/Q730065,Сюдзи Накамура,person,http://www.wikidata.org/entity/Q38104,Нобелевская премия по физике,2014-01-01T00:00:00Z,2014,США
http://www.wikidata.org/entity/Q11443689,Хироси Амано,person,http://www.wikidata.org/entity/Q38104,Нобелевская премия по физике,2014-01-01T00:00:00Z,2014,Япония
http://www.wikidata.org/entity/Q1701279,Джон О’Киф,person,http://www.wikidata.org/entity/Q80061,Нобелевская премия по физиологии и медицине,2014-01-01T00:00:00Z,2014,США
http://www.wikidata.org/entity/Q1701279,Джон О’Киф,person,http://www.wikidata.org/entity/Q80061,Нобелевская премия по физиологии и медицине,2014-01-01T00:00:00Z,2014,Великобритания
http://www.wikidata.org/entity/Q6796222,Мей-Бритт Мозер,person,http://www.wikidata.org/entity/Q80061,Нобелевская премия по физиологии и медицине,2014-01-01T00:00:00Z,2014,Норвегия
http://www.wikidata.org/entity/Q5341373,Эдвард Мозер,person,http://www.wikidata.org/entity/Q80061,Нобелевская премия по физиологии и медицине,2014-01-01T00:00:00Z,2014,Норвегия
http://www.wikidata.org/entity/Q1387059,Уильям Мёрнер,person,http://www.wikidata.org/entity/Q44585,Нобелевская премия по химии,2014-01-01T00:00:00Z,2014,США
http://www.wikidata.org/entity/Q91410,Штефан Хелль,person,http://www.wikidata.org/entity/Q44585,Нобелевская премия по химии,2014-01-01T00:00:00Z,2014,Германия
http://www.wikidata.org/entity/Q91410,Штефан Хелль,person,http://www.wikidata.org/entity/Q44585,Нобелевская премия по химии,2014-01-01T00:00:00Z,2014,Румыния
http://www.wikidata.org/entity/Q1351105,Эрик Бетциг,person,http://www.wikidata.org/entity/Q44585,Нобелевская премия по химии,2014-01-01T00:00:00Z,2014,США
http://www.wikidata.org/entity/Q173994,Жан Тироль,person,http://www.wikidata.org/entity/Q47170,Премия по экономике памяти Альфреда Нобеля,2014-01-01T00:00:00Z,2014,Франция
http://www.wikidata.org/entity/Q274334,Светлана Александровна Алексиевич,person,http://www.wikidata.org/entity/Q37922,Нобелевская премия по литературе,2015-01-01T00:00:00Z,2015,Беларусь
http://www.wikidata.org/entity/Q274334,Светлана Александровна Алексиевич,person,http://www.wikidata.org/entity/Q37922,Нобелевская премия по литературе,2015-01-01T00:00:00Z,2015,СССР
http://www.wikidata.org/entity/Q710597,Артур Брюс Макдональд,person,http://www.wikidata.org/entity/Q38104,Нобелевская премия по физике,2015-01-01T00:00:00Z,2015,Канада
http://www.wikidata.org/entity/Q11538917,Такааки Кадзита,person,http://www.wikidata.org/entity/Q38104,Нобелевская премия по физике,2015-01-01T00:00:00Z,2015,Япония
http://www.wikidata.org/entity/Q21061207,Сатоси Омура,person,http://www.wikidata.org/entity/Q80061,Нобелевская премия по физиологии и медицине,2015-01-01T00:00:00Z,2015,Япония
http://www.wikidata.org/entity/Q462843,Ту Юю,person,http://www.wikidata.org/entity/Q80061,Нобелевская премия по физиологии и медицине,2015-01-01T00:00:00Z,2015,Китай
http://www.wikidata.org/entity/Q21061212,Уильям Кэмпбелл,person,http://www.wikidata.org/entity/Q80061,Нобелевская премия по физиологии и медицине,2015-01-01T00:00:00Z,2015,Ирландия
http://www.wikidata.org/entity/Q21061212,Уильям Кэмпбелл,person,http://www.wikidata.org/entity/Q80061,Нобелевская премия по физиологии и медицине,2015-01-01T00:00:00Z,2015,США
http://www.wikidata.org/entity/Q15118973,Азиз Санджар,person,http://www.wikidata.org/entity/Q44585,Нобелевская премия по химии,2015-01-01T00:00:00Z,2015,США
http://www.wikidata.org/entity/Q15118973,Азиз Санджар,person,http://www.wikidata.org/entity/Q44585,Нобелевская премия по химии,2015-01-01T00:00:00Z,2015,Турция
http://www.wikidata.org/entity/Q15118973,Азиз Санджар,person,http://www.wikidata.org/entity/Q44585,Нобелевская премия по химии,2015-01-01T00:00:00Z,2015,Турецкая Республика Северного Кипра
http://www.wikidata.org/entity/Q7151888,Пол Модрич,person,http://www.wikidata.org/entity/Q44585,Нобелевская премия по химии,2015-01-01T00:00:00Z,2015,США
http://www.wikidata.org/entity/Q1886068,Томас Линдал,person,http://www.wikidata.org/entity/Q44585,Нобелевская премия по химии,2015-01-01T00:00:00Z,2015,Швеция
http://www.wikidata.org/entity/Q204078,Ангус Дитон,person,http://www.wikidata.org/entity/Q47170,Премия по экономике памяти Альфреда Нобеля,2015-01-01T00:00:00Z,2015,США
http://www.wikidata.org/entity/Q204078,Ангус Дитон,person,http://www.wikidata.org/entity/Q47170,Премия по экономике памяти Альфреда Нобеля,2015-01-01T00:00:00Z,2015,Великобритания
http://www.wikidata.org/entity/Q392,Боб Дилан,person,http://www.wikidata.org/entity/Q37922,Нобелевская премия по литературе,2016-01-01T00:00:00Z,2016,США
http://www.wikidata.org/entity/Q1002250,Данкан Холдейн,person,http://www.wikidata.org/entity/Q38104,Нобелевская премия по физике,2016-01-01T00:00:00Z,2016,Великобритания
http://www.wikidata.org/entity/Q1002250,Данкан Холдейн,person,http://www.wikidata.org/entity/Q38104,Нобелевская премия по физике,2016-01-01T00:00:00Z,2016,Словения
http://www.wikidata.org/entity/Q1700920,Джон Костерлиц,person,http://www.wikidata.org/entity/Q38104,Нобелевская премия по физике,2016-01-01T00:00:00Z,2016,США
http://www.wikidata.org/entity/Q1700920,Джон Костерлиц,person,http://www.wikidata.org/entity/Q38104,Нобелевская премия по физике,2016-01-01T00:00:00Z,2016,Великобритания
http://www.wikidata.org/entity/Q726394,Дэвид Таулесс,person,http://www.wikidata.org/entity/Q38104,Нобелевская премия по физике,2016-01-01T00:00:00Z,2016,США
http://www.wikidata.org/entity/Q726394,Дэвид Таулесс,person,http://www.wikidata.org/entity/Q38104,Нобелевская премия по физике,2016-01-01T00:00:00Z,2016,Великобритания
http://www.wikidata.org/entity/Q8056214,Ёсинори Осуми,person,http://www.wikidata.org/entity/Q80061,Нобелевская премия по физиологии и медицине,2016-01-01T00:00:00Z,2016,Япония
http://www.wikidata.org/entity/Q3259614,Бернард Феринга,person,http://www.wikidata.org/entity/Q44585,Нобелевская премия по химии,2016-01-01T00:00:00Z,2016,Королевство Нидерландов
http://www.wikidata.org/entity/Q376243,Джеймс Фрейзер Стоддарт,person,http://www.wikidata.org/entity/Q44585,Нобелевская премия по химии,2016-01-01T00:00:00Z,2016,США
http://www.wikidata.org/entity/Q376243,Джеймс Фрейзер Стоддарт,person,http://www.wikidata.org/entity/Q44585,Нобелевская премия по химии,2016-01-01T00:00:00Z,2016,Великобритания
http://www.wikidata.org/entity/Q3169751,Жан-Пьер Соваж,person,http://www.wikidata.org/entity/Q44585,Нобелевская премия по химии,2016-01-01T00:00:00Z,2016,Франция
http://www.wikidata.org/entity/Q354897,Бенгт Хольмстрём,person,http://www.wikidata.org/entity/Q47170,Премия по экономике памяти Альфреда Нобеля,2016-01-01T00:00:00Z,2016,Финляндия
http://www.wikidata.org/entity/Q432890,Оливер Харт,person,http://www.wikidata.org/entity/Q47170,Премия по экономике памяти Альфреда Нобеля,2016-01-01T00:00:00Z,2016,США
http://www.wikidata.org/entity/Q432890,Оливер Харт,person,http://www.wikidata.org/entity/Q47170,Премия по экономике памяти Альфреда Нобеля,2016-01-01T00:00:00Z,2016,Великобритания
http://www.wikidata.org/entity/Q272855,Кадзуо Исигуро,person,http://www.wikidata.org/entity/Q37922,Нобелевская премия по литературе,2017-01-01T00:00:00Z,2017,Япония
http://www.wikidata.org/entity/Q272855,Кадзуо Исигуро,person,http://www.wikidata.org/entity/Q37922,Нобелевская премия по литературе,2017-01-01T00:00:00Z,2017,Великобритания
http://www.wikidata.org/entity/Q15900993,Барри Бэриш,person,http://www.wikidata.org/entity/Q38104,Нобелевская премия по физике,2017-01-01T00:00:00Z,2017,США
http://www.wikidata.org/entity/Q323320,Кип Торн,person,http://www.wikidata.org/entity/Q38104,Нобелевская премия по физике,2017-01-01T00:00:00Z,2017,США
http://www.wikidata.org/entity/Q2128461,Райнер Вайс,person,http://www.wikidata.org/entity/Q38104,Нобелевская премия по физике,2017-01-01T00:00:00Z,2017,США
http://www.wikidata.org/entity/Q1686435,Джеффри Холл,person,http://www.wikidata.org/entity/Q80061,Нобелевская премия по физиологии и медицине,2017-01-01T00:00:00Z,2017,США
http://www.wikidata.org/entity/Q1297741,Майкл Росбаш,person,http://www.wikidata.org/entity/Q80061,Нобелевская премия по физиологии и медицине,2017-01-01T00:00:00Z,2017,США
http://www.wikidata.org/entity/Q1929672,Майкл Янг,person,http://www.wikidata.org/entity/Q80061,Нобелевская премия по физиологии и медицине,2017-01-01T00:00:00Z,2017,США
http://www.wikidata.org/entity/Q41585344,Жак Дубоше,person,http://www.wikidata.org/entity/Q44585,Нобелевская премия по химии,2017-01-01T00:00:00Z,2017,Швейцария
http://www.wikidata.org/entity/Q28833112,Иоахим Франк,person,http://www.wikidata.org/entity/Q44585,Нобелевская премия по химии,2017-01-01T00:00:00Z,2017,США
http://www.wikidata.org/entity/Q28833112,Иоахим Франк,person,http://www.wikidata.org/entity/Q44585,Нобелевская премия по химии,2017-01-01T00:00:00Z,2017,Германия
http://www.wikidata.org/entity/Q1678456,Ричард Хендерсон,person,http://www.wikidata.org/entity/Q44585,Нобелевская премия по химии,2017-01-01T00:00:00Z,2017,Великобритания
http://www.wikidata.org/entity/Q371212,Ричард Талер,person,http://www.wikidata.org/entity/Q47170,Премия по экономике памяти Альфреда Нобеля,2017-01-01T00:00:00Z,2017,США
http://www.wikidata.org/entity/Q254032,Ольга Токарчук,person,http://www.wikidata.org/entity/Q37922,Нобелевская премия по литературе,2018-01-01T00:00:00Z,2018,Польша
http://www.wikidata.org/entity/Q708472,Артур Ашкин,person,http://www.wikidata.org/entity/Q38104,Нобелевская премия по физике,2018-01-01T00:00:00Z,2018,США
http://www.wikidata.org/entity/Q56855591,Донна Стрикленд,person,http://www.wikidata.org/entity/Q38104,Нобелевская премия по физике,2018-01-01T00:00:00Z,2018,Канада
http://www.wikidata.org/entity/Q556543,Жерар Муру,person,http://www.wikidata.org/entity/Q38104,Нобелевская премия по физике,2018-01-01T00:00:00Z,2018,Франция
http://www.wikidata.org/entity/Q6140731,Джеймс Эллисон,person,http://www.wikidata.org/entity/Q80061,Нобелевская премия по физиологии и медицине,2018-01-01T00:00:00Z,2018,США
http://www.wikidata.org/entity/Q2395341,Тасуку Хондзё,person,http://www.wikidata.org/entity/Q80061,Нобелевская премия по физиологии и медицине,2018-01-01T00:00:00Z,2018,Япония
http://www.wikidata.org/entity/Q1545000,Грег Уинтер,person,http://www.wikidata.org/entity/Q44585,Нобелевская премия по химии,2018-01-01T00:00:00Z,2018,Великобритания
http://www.wikidata.org/entity/Q56868017,Джордж Смит,person,http://www.wikidata.org/entity/Q44585,Нобелевская премия по химии,2018-01-01T00:00:00Z,2018,США
http://www.wikidata.org/entity/Q4273363,Фрэнсис Арнольд,person,http://www.wikidata.org/entity/Q44585,Нобелевская премия по химии,2018-01-01T00:00:00Z,2018,США
http://www.wikidata.org/entity/Q509262,Пол Ромер,person,http://www.wikidata.org/entity/Q47170,Премия по экономике памяти Альфреда Нобеля,2018-01-01T00:00:00Z,2018,США
http://www.wikidata.org/entity/Q562481,Уильям Нордхаус,person,http://www.wikidata.org/entity/Q47170,Премия по экономике памяти Альфреда Нобеля,2018-01-01T00:00:00Z,2018,США
http://www.wikidata.org/entity/Q44107,Петер Хандке,person,http://www.wikidata.org/entity/Q37922,Нобелевская премия по литературе,2019-01-01T00:00:00Z,2019,Австрия
http://www.wikidata.org/entity/Q728331,Джим Пиблс,person,http://www.wikidata.org/entity/Q38104,Нобелевская премия по физике,2019-01-01T00:00:00Z,2019,Канада
http://www.wikidata.org/entity/Q728331,Джим Пиблс,person,http://www.wikidata.org/entity/Q38104,Нобелевская премия по физике,2019-01-01T00:00:00Z,2019,США
http://www.wikidata.org/entity/Q124013,Дидье Кело,person,http://www.wikidata.org/entity/Q38104,Нобелевская премия по физике,2019-01-01T00:00:00Z,2019,Швейцария
http://www.wikidata.org/entity/Q123975,Мишель Майор,person,http://www.wikidata.org/entity/Q38104,Нобелевская премия по физике,2019-01-01T00:00:00Z,2019,Швейцария
http://www.wikidata.org/entity/Q1545025,Грегг Семенза,person,http://www.wikidata.org/entity/Q80061,Нобелевская премия по физиологии и медицине,2019-01-01T00:00:00Z,2019,США
http://www.wikidata.org/entity/Q2075967,Питер Рэтклифф,person,http://www.wikidata.org/entity/Q80061,Нобелевская премия по физиологии и медицине,2019-01-01T00:00:00Z,2019,Великобритания
http://www.wikidata.org/entity/Q1603351,Уильям Кэлин,person,http://www.wikidata.org/entity/Q80061,Нобелевская премия по физиологии и медицине,2019-01-01T00:00:00Z,2019,США
http://www.wikidata.org/entity/Q4701206,Акира Ёсино,person,http://www.wikidata.org/entity/Q44585,Нобелевская премия по химии,2019-01-01T00:00:00Z,2019,Япония
http://www.wikidata.org/entity/Q906529,Джон Гуденаф,person,http://www.wikidata.org/entity/Q44585,Нобелевская премия по химии,2019-01-01T00:00:00Z,2019,США
http://www.wikidata.org/entity/Q285062,Стэнли Уиттингем,person,http://www.wikidata.org/entity/Q44585,Нобелевская премия по химии,2019-01-01T00:00:00Z,2019,США
http://www.wikidata.org/entity/Q285062,Стэнли Уиттингем,person,http://www.wikidata.org/entity/Q44585,Нобелевская премия по химии,2019-01-01T00:00:00Z,2019,Великобритания
http://www.wikidata.org/entity/Q320578,Абхиджит Банерджи,person,http://www.wikidata.org/entity/Q47170,Премия по экономике памяти Альфреда Нобеля,2019-01-01T00:00:00Z,2019,США
http://www.wikidata.org/entity/Q1635006,Майкл Кремер,person,http://www.wikidata.org/entity/Q47170,Премия по экономике памяти Альфреда Нобеля,2019-01-01T00:00:00Z,2019,США
http://www.wikidata.org/entity/Q434509,Эстер Дюфло,person,http://www.wikidata.org/entity/Q47170,Премия по экономике памяти Альфреда Нобеля,2019-01-01T00:00:00Z,2019,США
http://www.wikidata.org/entity/Q434509,Эстер Дюфло,person,http://www.wikidata.org/entity/Q47170,Премия по экономике памяти Альфреда Нобеля,2019-01-01T00:00:00Z,2019,Франция
http://www.wikidata.org/entity/Q2344210,Луиза Глюк,person,http://www.wikidata.org/entity/Q37922,Нобелевская премия по литературе,2020-01-01T00:00:00Z,2020,США
http://www.wikidata.org/entity/Q493956,Андреа Гез,person,http://www.wikidata.org/entity/Q38104,Нобелевская премия по физике,2020-01-01T00:00:00Z,2020,США
http://www.wikidata.org/entity/Q65807,Райнхард Генцель,person,http://www.wikidata.org/entity/Q38104,Нобелевская премия по физике,2020-01-01T00:00:00Z,2020,Германия
http://www.wikidata.org/entity/Q193803,Роджер Пенроуз,person,http://www.wikidata.org/entity/Q38104,Нобелевская премия по физике,2020-01-01T00:00:00Z,2020,Великобритания
http://www.wikidata.org/entity/Q1927895,Майкл Хоутон,person,http://www.wikidata.org/entity/Q80061,Нобелевская премия по физиологии и медицине,2020-01-01T00:00:00Z,2020,Великобритания
http://www.wikidata.org/entity/Q5677307,Харви Джеймс Алтер,person,http://www.wikidata.org/entity/Q80061,Нобелевская премия по физиологии и медицине,2020-01-01T00:00:00Z,2020,США
http://www.wikidata.org/entity/Q22669757,Чарльз Райс,person,http://www.wikidata.org/entity/Q80061,Нобелевская премия по физиологии и медицине,2020-01-01T00:00:00Z,2020,США
http://www.wikidata.org/entity/Q56068,Дженнифер Даудна,person,http://www.wikidata.org/entity/Q44585,Нобелевская премия по химии,2020-01-01T00:00:00Z,2020,США
http://www.wikidata.org/entity/Q17280087,Эмманюэль Шарпантье,person,http://www.wikidata.org/entity/Q44585,Нобелевская премия по химии,2020-01-01T00:00:00Z,2020,Франция
http://www.wikidata.org/entity/Q1359990,Пол Милгром,person,http://www.wikidata.org/entity/Q47170,Премия по экономике памяти Альфреда Нобеля,2020-01-01T00:00:00Z,2020,США
http://www.wikidata.org/entity/Q377265,Роберт Уилсон,person,http://www.wikidata.org/entity/Q47170,Премия по экономике памяти Альфреда Нобеля,2020-01-01T00:00:00Z,2020,США
http://www.wikidata.org/entity/Q317877,Абдулразак Гурна,person,http://www.wikidata.org/entity/Q37922,Нобелевская премия по литературе,2021-01-01T00:00:00Z,2021,Великобритания
http://www.wikidata.org/entity/Q317877,Абдулразак Гурна,person,http://www.wikidata.org/entity/Q37922,Нобелевская премия по литературе,2021-01-01T00:00:00Z,2021,Танзания
http://www.wikidata.org/entity/Q1235614,Джорджо Паризи,person,http://www.wikidata.org/entity/Q38104,Нобелевская премия по физике,2021-01-01T00:00:00Z,2021,Италия
http://www.wikidata.org/entity/Q109370,Клаус Хассельман,person,http://www.wikidata.org/entity/Q38104,Нобелевская премия по физике,2021-01-01T00:00:00Z,2021,Германия
http://www.wikidata.org/entity/Q3675789,Сюкуро Манабэ,person,http://www.wikidata.org/entity/Q38104,Нобелевская премия по физике,2021-01-01T00:00:00Z,2021,Япония
http://www.wikidata.org/entity/Q3675789,Сюкуро Манабэ,person,http://www.wikidata.org/entity/Q38104,Нобелевская премия по физике,2021-01-01T00:00:00Z,2021,США
http://www.wikidata.org/entity/Q60322501,Ардем Патапутян,person,http://www.wikidata.org/entity/Q80061,Нобелевская премия по физиологии и медицине,2021-01-01T00:00:00Z,2021,США
http://www.wikidata.org/entity/Q60322501,Ардем Патапутян,person,http://www.wikidata.org/entity/Q80061,Нобелевская премия по физиологии и медицине,2021-01-01T00:00:00Z,2021,Армения
http://www.wikidata.org/entity/Q60322501,Ардем Патапутян,person,http://www.wikidata.org/entity/Q80061,Нобелевская премия по физиологии и медицине,2021-01-01T00:00:00Z,2021,Ливан
http://www.wikidata.org/entity/Q1174906,Дэвид Джулиус,person,http://www.wikidata.org/entity/Q80061,Нобелевская премия по физиологии и медицине,2021-01-01T00:00:00Z,2021,США
http://www.wikidata.org/entity/Q105572,Беньямин Лист,person,http://www.wikidata.org/entity/Q44585,Нобелевская премия по химии,2021-01-01T00:00:00Z,2021,Германия
http://www.wikidata.org/entity/Q5237001,Дэвид Макмиллан,person,http://www.wikidata.org/entity/Q44585,Нобелевская премия по химии,2021-01-01T00:00:00Z,2021,США
http://www.wikidata.org/entity/Q5237001,Дэвид Макмиллан,person,http://www.wikidata.org/entity/Q44585,Нобелевская премия по химии,2021-01-01T00:00:00Z,2021,Великобритания
http://www.wikidata.org/entity/Q16730042,Гвидо Имбенс,person,http://www.wikidata.org/entity/Q47170,Премия по экономике памяти Альфреда Нобеля,2021-01-01T00:00:00Z,2021,США
http://www.wikidata.org/entity/Q16730042,Гвидо Имбенс,person,http://www.wikidata.org/entity/Q47170,Премия по экономике памяти Альфреда Нобеля,2021-01-01T00:00:00Z,2021,Королевство Нидерландов
http://www.wikidata.org/entity/Q921499,Джошуа Дэвид Ангрист,person,http://www.wikidata.org/entity/Q47170,Премия по экономике памяти Альфреда Нобеля,2021-01-01T00:00:00Z,2021,США
http://www.wikidata.org/entity/Q921499,Джошуа Дэвид Ангрист,person,http://www.wikidata.org/entity/Q47170,Премия по экономике памяти Альфреда Нобеля,2021-01-01T00:00:00Z,2021,Израиль
http://www.wikidata.org/entity/Q1173928,Дэвид Кард,person,http://www.wikidata.org/entity/Q47170,Премия по экономике памяти Альфреда Нобеля,2021-01-01T00:00:00Z,2021,Канада
http://www.wikidata.org/entity/Q1153825,Анни Эрно,person,http://www.wikidata.org/entity/Q37922,Нобелевская премия по литературе,2022-01-01T00:00:00Z,2022,Франция
http://www.wikidata.org/entity/Q364997,Ален Аспе,person,http://www.wikidata.org/entity/Q38104,Нобелевская премия по физике,2022-01-01T00:00:00Z,2022,Франция
http://www.wikidata.org/entity/Q78610,Антон Цайлингер,person,http://www.wikidata.org/entity/Q38104,Нобелевская премия по физике,2022-01-01T00:00:00Z,2022,Австрия
http://www.wikidata.org/entity/Q1365270,Джон Клаузер,person,http://www.wikidata.org/entity/Q38104,Нобелевская премия по физике,2022-01-01T00:00:00Z,2022,США
http://www.wikidata.org/entity/Q170342,Сванте Паабо,person,http://www.wikidata.org/entity/Q80061,Нобелевская премия по физиологии и медицине,2022-01-01T00:00:00Z,2022,Швеция
http://www.wikidata.org/entity/Q110925,Барри Шарплесс,person,http://www.wikidata.org/entity/Q44585,Нобелевская премия по химии,2022-01-01T00:00:00Z,2022,США
http://www.wikidata.org/entity/Q7442,Каролин Бертоцци,person,http://www.wikidata.org/entity/Q44585,Нобелевская премия по химии,2022-01-01T00:00:00Z,2022,США
http://www.wikidata.org/entity/Q6914509,Мортен Мельдаль,person,http://www.wikidata.org/entity/Q44585,Нобелевская премия по химии,2022-01-01T00:00:00Z,2022,Датское королевство
http://www.wikidata.org/entity/Q201795,Бен Шалом Бернанке,person,http://www.wikidata.org/entity/Q47170,Премия по экономике памяти Альфреда Нобеля,2022-01-01T00:00:00Z,2022,США
http://www.wikidata.org/entity/Q185871,Дуглас Даймонд,person,http://www.wikidata.org/entity/Q47170,Премия по экономике памяти Альфреда Нобеля,2022-01-01T00:00:00Z,2022,США
http://www.wikidata.org/entity/Q24565948,Филип Дибвиг,person,http://www.wikidata.org/entity/Q47170,Премия по экономике памяти Альфреда Нобеля,2022-01-01T00:00:00Z,2022,США
http://www.wikidata.org/entity/Q443868,Юн Фоссе,person,http://www.wikidata.org/entity/Q37922,Нобелевская премия по литературе,2023-01-01T00:00:00Z,2023,Норвегия
http://www.wikidata.org/entity/Q565544,Анн Л’Юилье,person,http://www.wikidata.org/entity/Q38104,Нобелевская премия по физике,2023-01-01T00:00:00Z,2023,Швеция
http://www.wikidata.org/entity/Q565544,Анн Л’Юилье,person,http://www.wikidata.org/entity/Q38104,Нобелевская премия по физике,2023-01-01T00:00:00Z,2023,Франция
http://www.wikidata.org/entity/Q57020342,Пьер Агостини,person,http://www.wikidata.org/entity/Q38104,Нобелевская премия по физике,2023-01-01T00:00:00Z,2023,Франция
http://www.wikidata.org/entity/Q86970,Ференц Краус,person,http://www.wikidata.org/entity/Q38104,Нобелевская премия по физике,2023-01-01T00:00:00Z,2023,Венгрия
http://www.wikidata.org/entity/Q86970,Ференц Краус,person,http://www.wikidata.org/entity/Q38104,Нобелевская премия по физике,2023-01-01T00:00:00Z,2023,Австрия
http://www.wikidata.org/entity/Q88608402,Дрю Вайсман,person,http://www.wikidata.org/entity/Q80061,Нобелевская премия по физиологии и медицине,2023-01-01T00:00:00Z,2023,США
http://www.wikidata.org/entity/Q88608397,Каталин Карико,person,http://www.wikidata.org/entity/Q80061,Нобелевская премия по физиологии и медицине,2023-01-01T00:00:00Z,2023,Венгрия
http://www.wikidata.org/entity/Q88608397,Каталин Карико,person,http://www.wikidata.org/entity/Q80061,Нобелевская премия по физиологии и медицине,2023-01-01T00:00:00Z,2023,США
http://www.wikidata.org/entity/Q1547368,Алексей Иванович Екимов,person,http://www.wikidata.org/entity/Q44585,Нобелевская премия по химии,2023-01-01T00:00:00Z,2023,США
http://www.wikidata.org/entity/Q1547368,Алексей Иванович Екимов,person,http://www.wikidata.org/entity/Q44585,Нобелевская премия по химии,2023-01-01T00:00:00Z,2023,Россия
http://www.wikidata.org/entity/Q1547368,Алексей Иванович Екимов,person,http://www.wikidata.org/entity/Q44585,Нобелевская премия по химии,2023-01-01T00:00:00Z,2023,СССР
http://www.wikidata.org/entity/Q194646,Луис Брюс,person,http://www.wikidata.org/entity/Q44585,Нобелевская премия по химии,2023-01-01T00:00:00Z,2023,США
http://www.wikidata.org/entity/Q15433043,Мунги Бавенди,person,http://www.wikidata.org/entity/Q44585,Нобелевская премия по химии,2023-01-01T00:00:00Z,2023,США
http://www.wikidata.org/entity/Q15433043,Мунги Бавенди,person,http://www.wikidata.org/entity/Q44585,Нобелевская премия по химии,2023-01-01T00:00:00Z,2023,Франция
http://www.wikidata.org/entity/Q15433043,Мунги Бавенди,person,http://www.wikidata.org/entity/Q44585,Нобелевская премия по химии,2023-01-01T00:00:00Z,2023,Тунис
http://www.wikidata.org/entity/Q1097475,Клаудия Голдин,person,http://www.wikidata.org/entity/Q47170,Премия по экономике памяти Альфреда Нобеля,2023-01-01T00:00:00Z,2023,США
http://www.wikidata.org/entity/Q5646626,Хан Ган,person,http://www.wikidata.org/entity/Q37922,Нобелевская премия по литературе,2024-01-01T00:00:00Z,2024,Республика Корея
http://www.wikidata.org/entity/Q92894,Джеффри Хинтон,person,http://www.wikidata.org/entity/Q38104,Нобелевская премия по физике,2024-10-08T00:00:00Z,2024,Канада
http://www.wikidata.org/entity/Q92894,Джеффри Хинтон,person,http://www.wikidata.org/entity/Q38104,Нобелевская премия по физике,2024-10-08T00:00:00Z,2024,Великобритания
http://www.wikidata.org/entity/Q391237,Джон Хопфилд,person,http://www.wikidata.org/entity/Q38104,Нобелевская премия по физике,2024-10-08T00:00:00Z,2024,США
http://www.wikidata.org/entity/Q983858,Виктор Эмброс,person,http://www.wikidata.org/entity/Q80061,Нобелевская премия по физиологии и медицине,2024-01-01T00:00:00Z,2024,США
http://www.wikidata.org/entity/Q504021,Гэри Равкан,person,http://www.wikidata.org/entity/Q80061,Нобелевская премия по физиологии и медицине,2024-01-01T00:00:00Z,2024,США
http://www.wikidata.org/entity/Q3022141,Демис Хассабис,person,http://www.wikidata.org/entity/Q44585,Нобелевская премия по химии,2024-01-01T00:00:00Z,2024,Великобритания
http://www.wikidata.org/entity/Q89620738,Джон Майкл Джампер,person,http://www.wikidata.org/entity/Q44585,Нобелевская премия по химии,2024-01-01T00:00:00Z,2024,США
http://www.wikidata.org/entity/Q3814528,Дэвид Бэйкер,person,http://www.wikidata.org/entity/Q44585,Нобелевская премия по химии,2024-01-01T00:00:00Z,2024,США
http://www.wikidata.org/entity/Q718581,Дарон Аджемоглу,person,http://www.wikidata.org/entity/Q47170,Премия по экономике памяти Альфреда Нобеля,2024-01-01T00:00:00Z,2024,США
http://www.wikidata.org/entity/Q718581,Дарон Аджемоглу,person,http://www.wikidata.org/entity/Q47170,Премия по экономике памяти Альфреда Нобеля,2024-01-01T00:00:00Z,2024,Турция
http://www.wikidata.org/entity/Q19520018,Джеймс Робинсон,person,http://www.wikidata.org/entity/Q47170,Премия по экономике памяти Альфреда Нобеля,2024-01-01T00:00:00Z,2024,Великобритания
http://www.wikidata.org/entity/Q1461050,Саймон Джонсон,person,http://www.wikidata.org/entity/Q47170,Премия по экономике памяти Альфреда Нобеля,2024-01-01T00:00:00Z,2024,США
http://www.wikidata.org/entity/Q512062,Ласло Краснахоркаи,person,http://www.wikidata.org/entity/Q37922,Нобелевская премия по литературе,2025-01-01T00:00:00Z,2025,Венгрия
http://www.wikidata.org/entity/Q555849,Джон Кларк,person,http://www.wikidata.org/entity/Q38104,Нобелевская премия по физике,2025-01-01T00:00:00Z,2025,Великобритания
http://www.wikidata.org/entity/Q28976188,Джон Мартинис,person,http://www.wikidata.org/entity/Q38104,Нобелевская премия по физике,2025-01-01T00:00:00Z,2025,США
http://www.wikidata.org/entity/Q26703310,Мишель Деворе,person,http://www.wikidata.org/entity/Q38104,Нобелевская премия по физике,2025-01-01T00:00:00Z,2025,Франция
http://www.wikidata.org/entity/Q114564137,Мэри Брункоу,person,http://www.wikidata.org/entity/Q80061,Нобелевская премия по физиологии и медицине,2025-01-01T00:00:00Z,2025,США
http://www.wikidata.org/entity/Q17502433,Симон Сакагути,person,http://www.wikidata.org/entity/Q80061,Нобелевская премия по физиологии и медицине,2025-01-01T00:00:00Z,2025,Япония
http://www.wikidata.org/entity/Q28212107,Фред Рамсделл,person,http://www.wikidata.org/entity/Q80061,Нобелевская премия по физиологии и медицине,2025-01-01T00:00:00Z,2025,США
http://www.wikidata.org/entity/Q743252,Омар Ягхи,person,http://www.wikidata.org/entity/Q44585,Нобелевская премия по химии,2025-01-01T00:00:00Z,2025,США
http://www.wikidata.org/entity/Q743252,Омар Ягхи,person,http://www.wikidata.org/entity/Q44585,Нобелевская премия по химии,2025-01-01T00:00:00Z,2025,Иордания
http://www.wikidata.org/entity/Q743252,Омар Ягхи,person,http://www.wikidata.org/entity/Q44585,Нобелевская премия по химии,2025-01-01T00:00:00Z,2025,Саудовская Аравия
http://www.wikidata.org/entity/Q23073819,Ричард Робсон,person,http://www.wikidata.org/entity/Q44585,Нобелевская премия по химии,2025-01-01T00:00:00Z,2025,Великобритания
http://www.wikidata.org/entity/Q23073819,Ричард Робсон,person,http://www.wikidata.org/entity/Q44585,Нобелевская премия по химии,2025-01-01T00:00:00Z,2025,Австралия
http://www.wikidata.org/entity/Q11401680,Сусуму Китагава,person,http://www.wikidata.org/entity/Q44585,Нобелевская премия по химии,2025-01-01T00:00:00Z,2025,Япония
http://www.wikidata.org/entity/Q2899100,Джоэль Мокир,person,http://www.wikidata.org/entity/Q47170,Премия по экономике памяти Альфреда Нобеля,2025-01-01T00:00:00Z,2025,США
http://www.wikidata.org/entity/Q2899100,Джоэль Мокир,person,http://www.wikidata.org/entity/Q47170,Премия по экономике памяти Альфреда Нобеля,2025-01-01T00:00:00Z,2025,Израиль
http://www.wikidata.org/entity/Q7174757,Питер Уилкинсон Ховитт,person,http://www.wikidata.org/entity/Q47170,Премия по экономике памяти Альфреда Нобеля,2025-01-01T00:00:00Z,2025,Канада
http://www.wikidata.org/entity/Q376364,Филипп Агьон,person,http://www.wikidata.org/entity/Q47170,Премия по экономике памяти Альфреда Нобеля,2025-01-01T00:00:00Z,2025,Франция
